Alpha,Beta,AlphaBetaRatio,Label
1.6568384196963798e-06,4.214953265763277e-06,0.3930858339888013,Not Calm
2.4340304135101565e-06,4.031549274119663e-06,0.603745668975274,Not Calm
3.994338701807825e-06,2.301960674408794e-06,1.7351898085025623,Calm
8.749239736004587e-07,1.5243822648829306e-06,0.5739531308884986,Calm
1.8876341360408813e-06,1.1985602384153145e-06,1.5749180354394463,Calm
2.1089513586434354e-06,3.474839040266836e-06,0.6069205894732572,Not Calm
2.0614932706028702e-06,1.392835862873688e-06,1.480069063090904,Calm
1.3629426129466852e-06,1.4597681758814884e-06,0.9336705892520676,Not Calm
3.402689579330676e-06,1.618807154142143e-06,2.1019734009847943,Calm
1.7751497509718657e-06,4.666330071018352e-06,0.3804166709073941,Not Calm
2.116558767245534e-06,3.5472823012900694e-06,0.5966705177300908,Not Calm
2.3694688512959945e-06,1.4674872859941885e-06,1.614643529733026,Calm
2.4886247319418674e-06,2.274498629194037e-06,1.094142111144602,Calm
1.1829381581167009e-06,4.970137423196107e-06,0.2380091448972447,Not Calm
2.3316712877087203e-06,1.4117960157914678e-06,1.651563867320847,Calm
3.232085733042676e-06,2.0099347184117948e-06,1.60805507931949,Calm
3.356644755045437e-07,1.0899690735296498e-06,0.3079577977543533,Calm
2.3300972135364305e-06,2.881038278222147e-06,0.8087699601736305,Not Calm
3.5123288405776267e-06,2.8074206370714026e-06,1.2510874908441074,Not Calm
1.016175097298284e-06,9.51841768015734e-07,1.0675882604066251,Calm
9.017169830571088e-07,1.0088917728981935e-06,0.8937697851046909,Calm
2.834721615759014e-06,4.19492290666503e-06,0.675750586799847,Not Calm
1.2397003802051138e-06,5.651678220832837e-06,0.2193508426639389,Not Calm
1.1959473366662518e-06,1.4037313053570972e-06,0.8519773920422848,Calm
4.760543880711758e-06,2.0962152150784524e-06,2.271018665673405,Calm
1.7989921006062653e-06,9.865109562755012e-07,1.8235905938624608,Calm
4.066486924560156e-06,4.3324207703205e-06,0.938617724395068,Not Calm
2.1109105147327515e-06,9.855547436921788e-07,2.1418500882301656,Calm
5.165223109861278e-07,8.579244549875101e-07,0.6020603655524046,Calm
9.205138179794708e-07,1.502837108605486e-06,0.6125173598046396,Calm
3.872897140832706e-06,1.4214762028756251e-06,2.7245599560498395,Calm
8.594348044194941e-07,1.5601265677707657e-06,0.550875052174468,Not Calm
1.1260333072859932e-06,4.171788878290515e-06,0.2699161774810165,Not Calm
2.34026120822232e-06,3.157283132061939e-06,0.7412262728220883,Not Calm
2.93042181921145e-06,1.029401440540967e-06,2.8467240318523994,Calm
6.971481620672385e-07,7.155009658264803e-07,0.9743497149049376,Calm
2.4479172737389848e-06,1.4746082972058565e-06,1.6600457751237334,Calm
1.047613816546274e-06,1.013691334480975e-06,1.0334643109903543,Calm
1.04612167138622e-06,7.841855843525553e-07,1.334023083642791,Calm
5.711400270352824e-06,6.4537511987705935e-06,0.8849737299201768,Not Calm
2.291931135574699e-06,3.534315919583273e-06,0.6484794194190027,Not Calm
4.2320062694540114e-06,1.3736706724068987e-06,3.0808012098262494,Calm
1.4912050324794838e-06,3.2830612748750954e-06,0.4542117577553337,Not Calm
2.443698088121667e-06,9.25949100525513e-07,2.639127881580932,Calm
9.884148758598155e-07,2.0176819352540773e-06,0.4898764560408026,Not Calm
5.20100146643595e-07,9.745506507211855e-07,0.5336820064290257,Calm
1.5631280069502575e-06,1.6857574123192998e-06,0.927255603639716,Calm
2.119514589352698e-06,2.038180343107695e-06,1.0399053236481466,Calm
1.4424920139032318e-06,2.184832125929957e-06,0.6602301370359273,Calm
2.652072863613262e-06,7.300031570431688e-06,0.3632960813971427,Calm
1.4074669931225543e-06,3.109530134284307e-06,0.4526301184878205,Not Calm
3.882914846911518e-06,2.869489648888027e-06,1.3531726272008715,Not Calm
1.2627170811529848e-06,1.210052731794994e-06,1.0435223589635374,Calm
5.871428670998571e-07,1.1067622828279678e-06,0.5305049478191524,Calm
2.7992429246677657e-06,5.157777297590854e-06,0.5427227201095449,Not Calm
2.2613726783774246e-06,8.134750577534529e-07,2.77989184403832,Calm
2.176719592439302e-07,2.4589872417839564e-06,0.0885209795094392,Not Calm
5.197883854503703e-06,5.492546697174887e-06,0.9463522371466146,Not Calm
1.0349626886356855e-06,1.66076880534442e-06,0.6231828809074054,Not Calm
9.412790044999308e-07,2.135582669167536e-06,0.4407598067214356,Calm
1.651011161052112e-06,9.93822870806967e-07,1.6612730593647127,Calm
1.1813270162951825e-06,1.093556305277394e-06,1.080261720950458,Calm
1.8908085054965585e-06,1.6033314819528108e-06,1.1792998059226087,Calm
2.8638233893133285e-06,2.1925794679534823e-06,1.3061434858670706,Calm
1.1032269547844917e-06,1.5638645777737825e-06,0.7054491613046028,Calm
9.469558893578436e-07,2.025341594286658e-06,0.4675536670106106,Not Calm
6.828795646396003e-07,6.801199714929519e-07,1.0040575093546964,Calm
7.741642922586394e-07,1.9429710528139736e-06,0.3984435543377909,Calm
2.5097089637370625e-06,4.479038279433069e-07,5.603231781387516,Calm
2.224093947091378e-06,2.0619047080902944e-06,1.078659910113548,Calm
1.7767944799807704e-06,2.159792543777694e-06,0.8226690499046627,Calm
7.028737188176041e-07,1.1175049662086849e-06,0.6289669756029955,Calm
1.747320777900166e-06,4.023745501500315e-06,0.4342523097568299,Not Calm
7.468844174284124e-07,2.119243670192356e-06,0.3524297030745032,Calm
1.955004059959166e-06,8.600776466958197e-07,2.273055307819882,Calm
1.3928675241570505e-06,1.62182123126238e-06,0.8588292576937604,Calm
8.77858413033535e-07,1.943430466829314e-06,0.4517055938027727,Calm
1.8850359574669708e-06,2.1174839786137213e-06,0.8902244250750223,Calm
1.2750667588891597e-06,3.0751693033068647e-06,0.4146330276898979,Not Calm
9.84390554083138e-07,4.477778691999286e-06,0.2198390366728055,Not Calm
2.7076568633900585e-06,2.693023184390349e-06,1.0054339223978952,Not Calm
7.343978950169885e-07,1.730456403006436e-06,0.4243954911207648,Calm
2.588075592670253e-06,3.228793978485195e-06,0.8015610812940323,Not Calm
1.6569394251996052e-06,1.1831586623758176e-06,1.4004372176698785,Calm
2.5498274884422616e-06,7.078849350421582e-07,3.602036661919364,Calm
2.336385617090295e-06,3.74761957808524e-06,0.6234319061498812,Not Calm
1.3076663587338354e-06,2.8374274164294915e-06,0.460863369107553,Not Calm
4.5024222656481226e-06,2.251511902662021e-06,1.999732828560573,Calm
6.981835851121404e-06,5.172271853827733e-06,1.3498586401552937,Not Calm
4.767665121658315e-06,7.388870599072411e-06,0.6452495083967016,Not Calm
2.30154205966922e-06,1.159593706151866e-06,1.9847831593592649,Calm
6.092176087288356e-06,1.8854723533601436e-06,3.231113983947497,Calm
1.2877727080696025e-06,1.2999735334176614e-06,0.9906145586549112,Calm
7.751034182425396e-07,1.6636962843762272e-06,0.4658923780268889,Calm
7.596349386715511e-07,2.602703047254352e-06,0.2918638526484635,Not Calm
3.5805803226106824e-06,4.784906531375054e-06,0.7483072655928599,Not Calm
1.0476954700678594e-06,1.8822824297731728e-06,0.5566090685945114,Calm
9.86798830650244e-07,2.2061959994835014e-06,0.4472852053404441,Not Calm
1.8692428287159516e-06,1.282992546196563e-06,1.45693974158878,Calm
8.249646230536215e-07,1.6281283973950116e-06,0.5066950643288062,Calm
4.566309235100402e-07,1.264286838466369e-06,0.3611766804943979,Calm
1.995622264913714e-06,1.3198520010123371e-06,1.512004575803238,Calm
2.043091987479791e-06,4.522954263072181e-06,0.4517162607989842,Not Calm
7.543234409614218e-07,1.1837093531102197e-06,0.6372539331377438,Calm
1.6926047681846878e-05,5.922399872719065e-06,2.8579711005018424,Not Calm
1.206123423957083e-06,3.471866077902448e-06,0.3473991786819643,Not Calm
1.2832175120945774e-06,2.556127572401704e-06,0.5020162240528876,Not Calm
1.5389220106273537e-06,2.9050308031465657e-06,0.5297437841142614,Not Calm
1.306156743319758e-05,6.518027015119186e-06,2.00391428309518,Not Calm
9.711513417243929e-07,1.8593892146510208e-06,0.5222958883875548,Not Calm
1.2335084842904438e-06,1.8319514965129869e-06,0.673330318318119,Calm
1.261585290816367e-06,2.4421259484781666e-06,0.5165930494299591,Not Calm
3.485433955794932e-06,1.6198394731870705e-06,2.151715656698539,Calm
1.455382898710643e-06,2.834003306943969e-06,0.5135431194256603,Not Calm
2.4883859638389385e-06,3.858837584471023e-06,0.6448537699158052,Not Calm
2.9946334140463267e-06,2.866307458011052e-06,1.0447704783646348,Not Calm
2.738475536812685e-06,4.145604451875692e-06,0.6605732815569639,Calm
2.2102146061960782e-06,1.4484084206450118e-06,1.525960892447598,Calm
3.349259953569333e-06,3.809979629647824e-06,0.8790755539758416,Not Calm
7.101721347794093e-06,1.5403484649528366e-06,4.610464131576577,Calm
5.373674355120244e-07,1.914658097369543e-06,0.2806597356730623,Calm
1.5488099589211778e-06,1.48348559942426e-06,1.0440343738572655,Not Calm
9.78859618938586e-07,1.5599953090597384e-06,0.6274760015327081,Not Calm
3.3871312866042254e-06,3.3177245002858626e-06,1.0209199969172795,Not Calm
5.596003704395049e-07,1.3926718854118717e-06,0.4018178124375703,Calm
1.1001387483295608e-06,2.362389021357369e-06,0.4656890708446693,Not Calm
2.9010632268575263e-06,2.1103508361398355e-06,1.374682909200078,Calm
9.198952359983852e-07,1.0299025748598709e-06,0.8931866551780847,Calm
1.551780375758386e-06,3.0957175970852747e-06,0.5012667748568025,Not Calm
4.1922351114432535e-06,7.658731589111191e-06,0.5473798190556212,Not Calm
6.538008276378368e-07,1.7332894120108692e-06,0.3772023431905305,Calm
1.1617703728122624e-06,3.630529335091432e-06,0.3200002714708829,Not Calm
1.0098528388185105e-06,1.6542489015114885e-06,0.6104600328861074,Calm
1.4816087333479363e-06,1.3096852689689367e-06,1.1312708239547875,Calm
1.5958165531849e-06,3.5253923092326504e-06,0.4526635373333106,Not Calm
2.5796631946904337e-06,3.965598129164449e-06,0.6505104931633525,Not Calm
2.383205855755376e-06,2.524129557211036e-06,0.9441693866097072,Not Calm
6.82368417449615e-06,1.5151284299448045e-06,4.5037001746081256,Calm
7.691230566119739e-07,1.0882220295493424e-06,0.7067703425655565,Calm
1.5555198403429236e-06,2.421315669402103e-06,0.6424275281409421,Not Calm
4.346873732793689e-06,5.091425210491914e-06,0.8537636424151089,Not Calm
1.8027020773843555e-06,2.936104279597184e-06,0.6139775381655298,Not Calm
2.42420014686514e-06,2.102025219427664e-06,1.1532688211634288,Calm
4.522567177338663e-06,4.287607389289523e-06,1.054799744173422,Not Calm
4.532120502554543e-06,3.970609129425759e-06,1.1414169349905243,Not Calm
5.664352698820622e-07,1.990756160477804e-06,0.2845327223531542,Calm
3.933462944476775e-06,3.6276536913762743e-06,1.084299461612743,Not Calm
2.134017515614428e-06,4.2971921180160815e-06,0.4966074257344716,Not Calm
1.1204578861938937e-06,1.2098146184392735e-06,0.9261401450408536,Calm
1.6009873145882586e-06,1.7171076946651297e-06,0.9323744338007192,Calm
1.3314112703372789e-06,1.7844943019921257e-06,0.7461000401351542,Not Calm
3.33853319519682e-06,1.2697026584639432e-06,2.629381905237325,Calm
1.41475414988479e-06,4.849874353031342e-06,0.2917094437715729,Not Calm
1.269214469755274e-06,8.474998305327745e-07,1.497598493863287,Calm
5.028101109867122e-07,2.0848989642091987e-06,0.2411676151306583,Not Calm
6.548239799587634e-07,1.060977325935716e-06,0.6171894195582825,Calm
2.460425590420734e-06,1.7506647986836797e-06,1.4054235809566298,Calm
3.104432256603936e-06,1.8840598935784235e-06,1.647735439401367,Calm
1.362497824366183e-06,3.1448738165866542e-06,0.4332440357956856,Not Calm
1.6408738721855791e-06,7.643305948739995e-07,2.146811711045112,Calm
1.7431034063461162e-06,2.488797594052813e-06,0.7003797377944295,Not Calm
3.653372042351097e-06,5.830438676343666e-06,0.6266032875320743,Not Calm
1.8909794538788328e-06,3.61672721157155e-06,0.5228427092396496,Not Calm
8.638962988917424e-07,2.206822057968824e-06,0.3914662243710212,Calm
1.7071586628763936e-06,1.7337599065699654e-06,0.9846569045732524,Calm
2.0744923663468963e-06,5.663147221390149e-06,0.3663143982044784,Not Calm
9.424028347790892e-07,2.2582213625006685e-06,0.4173208395015395,Calm
1.7625193099839155e-06,5.014198801390705e-06,0.3515056701571295,Not Calm
3.317495356515847e-06,4.8356789847573365e-06,0.6860454068545506,Not Calm
3.8847255492110455e-06,2.3000981035422377e-06,1.6889390688285957,Calm
1.8898339950190988e-06,3.998619391614518e-06,0.4726216250994678,Not Calm
8.017774477320654e-07,1.9884989334147805e-06,0.4032073813362327,Not Calm
9.263695084578612e-07,9.56362835368433e-07,0.9686381300053168,Calm
1.96382779260898e-06,9.897502138991765e-07,1.9841650600633567,Calm
1.0629255744676435e-06,1.617155788872194e-06,0.6572808765746242,Calm
4.504894195051065e-06,1.373453954131918e-06,3.2799746809847385,Calm
5.52833919170145e-07,1.311796138919125e-06,0.4214327994787827,Calm
3.550725943729204e-06,5.798067840662576e-06,0.6123981369841032,Not Calm
2.8094344690473645e-06,2.165344425687154e-06,1.2974538534006264,Calm
4.240393124173786e-06,6.060209731756824e-06,0.6997106225471371,Not Calm
2.2010290127324285e-06,4.1508206013183495e-06,0.5302635849965078,Not Calm
3.414396253269307e-06,3.2811974766721666e-06,1.0405945626693072,Not Calm
1.182685556711763e-06,1.1142053112679269e-06,1.0614610653452263,Calm
6.913379588981288e-07,3.9564975356950085e-06,0.1747348387458774,Not Calm
2.771148019889776e-06,1.7113083292288887e-06,1.6193154515518828,Calm
1.2441121550570797e-06,2.376817503569093e-06,0.5234361296939658,Not Calm
2.6249904616890536e-06,1.59909631706601e-06,1.6415461868521677,Calm
1.3789610633621542e-06,3.07417585395906e-06,0.448562843789911,Not Calm
1.5130966713760183e-06,1.7225477922193904e-06,0.8784062063244656,Calm
1.6292290086618578e-06,1.0633066690617203e-06,1.5322287126248506,Calm
1.6716612095061331e-06,5.447938657108433e-06,0.3068428840190704,Not Calm
8.536538692279914e-07,4.166894833197985e-06,0.2048657101750835,Not Calm
1.510944375935175e-06,1.7559267759218446e-06,0.8604825649076077,Calm
3.5240037375302883e-06,2.591641200095776e-06,1.3597575688332382,Not Calm
4.158398843981751e-06,2.046659851111282e-06,2.031797732155566,Calm
1.4229944228956012e-06,2.1262099966079163e-06,0.6692633489475633,Calm
1.5366052877950711e-06,1.3324592506991803e-06,1.153209966450208,Calm
9.268407505451928e-07,2.323369551328138e-06,0.3989209336135832,Not Calm
7.724092288559911e-07,2.801076625685469e-06,0.2757544087773643,Not Calm
1.306669343668198e-06,1.1955089155657755e-06,1.092981680567238,Calm
4.030612120233522e-06,4.44573244090971e-06,0.9066249878521154,Not Calm
1.1502558827055309e-06,3.1333563054641573e-06,0.3671002498820951,Not Calm
2.9415947767089298e-06,3.899848231836396e-06,0.7542844238643012,Not Calm
1.852714655506628e-06,2.057730332050831e-06,0.9003680543796647,Not Calm
1.441120465445852e-06,4.399924137132059e-06,0.3275330256910287,Not Calm
1.157274130978978e-06,1.1676799366277648e-06,0.9910884778248066,Calm
4.351669570398061e-06,4.696306258872674e-06,0.926615371852401,Not Calm
1.5129929512254545e-06,4.382941715534297e-06,0.3452003356245897,Not Calm
1.238583084945501e-06,4.193198953588036e-06,0.2953790408360353,Not Calm
1.8912554124453183e-06,4.471860121064262e-06,0.4229236517342624,Not Calm
1.6468155627429912e-06,3.7361052277290223e-06,0.4407840417664044,Not Calm
2.903015041910536e-06,4.855029970406999e-06,0.5979396748537837,Not Calm
1.9161309749154576e-06,1.4881079764091651e-06,1.2876289928497802,Calm
8.763146164066458e-07,1.7873492321284065e-06,0.49028729285497,Not Calm
1.2785048685715295e-06,2.725287281177268e-06,0.469126641217524,Not Calm
2.064593043740662e-06,1.420869497452155e-06,1.4530490290929643,Calm
4.035830336264599e-06,5.361285444995974e-06,0.752772889574737,Not Calm
2.387316959497778e-06,1.52644144875549e-06,1.563975455097974,Calm
4.368396443848582e-06,4.47212777923442e-06,0.9768049258638144,Not Calm
8.392168095123061e-07,1.7164244438038595e-06,0.4889331496890554,Calm
1.7491109485261746e-06,2.572295372501344e-06,0.679980599127428,Not Calm
2.2655640115728462e-06,4.655697276790031e-06,0.4866218477879402,Not Calm
1.4763879141767389e-06,2.589172227006017e-06,0.5702161867709961,Not Calm
3.581266604047442e-07,2.682238529486285e-06,0.1335178271685383,Not Calm
1.9188126143637494e-06,1.8337222655343064e-06,1.0464030733709009,Calm
1.0991799610274727e-06,1.0177228801233657e-06,1.0800385669763397,Calm
2.5710249423885743e-06,4.3391994557453375e-06,0.592511353444331,Not Calm
9.649112917469338e-07,9.684267982016857e-07,0.99636987900244,Calm
4.446537339346252e-06,5.720441692837584e-07,7.773066448546526,Calm
1.5558567899525278e-06,4.571348925272968e-06,0.3403496025759231,Not Calm
1.5046229297346457e-06,8.81557557913125e-07,1.706777868590314,Calm
1.0162793069435257e-06,1.2405438877098364e-06,0.8192207603551014,Calm
5.304086825974464e-07,2.7454405763426047e-06,0.1931961985147175,Not Calm
3.538393771304985e-06,1.6457043706930417e-06,2.1500786133386103,Not Calm
2.977287138025264e-06,2.1336647395486534e-06,1.3953865773003622,Not Calm
1.954417672451836e-06,1.9296633860012594e-06,1.012828292556182,Calm
8.448195461276337e-07,1.8607093039483849e-06,0.4540309140900972,Not Calm
1.7357495544754209e-06,1.4182936703822178e-06,1.2238294442981272,Calm
9.350136271089142e-07,3.687332383003381e-06,0.253574543867763,Not Calm
1.505238096974415e-06,2.9177506653325844e-06,0.5158898993183292,Not Calm
3.1555946662042567e-06,1.1168095601418937e-06,2.8255441024370618,Calm
3.9231080243434404e-07,9.591628685725062e-07,0.4090137507284958,Calm
1.8629162311303096e-06,2.332878163254901e-06,0.7985484456381182,Calm
8.474817390091157e-07,2.6319958904475604e-06,0.321992044928689,Not Calm
4.393050222246354e-06,1.5474479590262422e-06,2.8389001365905417,Calm
1.5749079160935491e-06,9.95798911433226e-07,1.5815521567771422,Calm
2.5542393396011208e-06,4.000233484800452e-06,0.6385225635719453,Not Calm
6.931143927836019e-07,1.763779599797481e-06,0.392971090528083,Not Calm
9.719245590812845e-07,1.222515420500698e-06,0.7950202858653671,Calm
1.381546551375596e-06,1.946323808206086e-06,0.7098235892459017,Calm
4.766395620303346e-06,4.729730750778598e-06,1.0077519993117392,Not Calm
1.5583594551356076e-06,2.240436509069045e-06,0.6955606413426746,Calm
3.4500228540779098e-06,1.4631772025285351e-06,2.357898173998256,Calm
5.9182152764427885e-06,1.1570684027640117e-06,5.114836134411174,Calm
4.287848554451136e-06,5.60279631939948e-06,0.7653050923169588,Not Calm
2.358073693442712e-06,3.278377888526772e-06,0.7192806240229911,Not Calm
3.091508503362969e-06,1.28607145336354e-06,2.4038388343645765,Calm
3.1775477964312755e-06,1.236995480245695e-06,2.568762656917828,Calm
1.2145082762423352e-06,1.0842838046222148e-06,1.1201018322555256,Calm
1.6826991838526495e-06,4.16983856725716e-06,0.4035406063596118,Not Calm
2.3396327098677628e-06,2.3623351280356954e-06,0.9903898401634446,Calm
6.787761693617865e-07,1.3983292705394428e-06,0.4854194099076039,Calm
1.3256879360527985e-06,2.564106352369172e-06,0.5170175312064943,Not Calm
2.266485505586367e-06,4.866079698991245e-06,0.4657723764894803,Not Calm
3.3076873721869707e-06,5.272679897290768e-06,0.6273256553819134,Not Calm
5.333144681301715e-06,8.321024222400807e-06,0.640924066408135,Not Calm
2.4311210232472074e-06,1.1558528992763906e-06,2.103313514002677,Calm
1.0928846758928146e-06,9.609330104862192e-07,1.1373161957874978,Calm
6.641894274019866e-07,3.608327091417368e-06,0.1840712913698435,Not Calm
5.895975485341237e-06,1.861681717419128e-06,3.1670158385155656,Calm
2.802412625471315e-06,1.960698149684614e-06,1.4292932473680835,Calm
1.5166415978930902e-05,5.764211150048072e-06,2.6311347006787598,Not Calm
3.2152377391356806e-06,4.114809147800708e-06,0.7813819848374177,Not Calm
1.6956650468159604e-06,2.5774213485157207e-06,0.657892062464857,Not Calm
1.2812768637083956e-06,1.6272145196036585e-06,0.7874050091566765,Calm
2.483155345521028e-06,1.4380563826734223e-06,1.7267440800232818,Calm
2.0363786769202634e-06,2.2469175182473144e-06,0.906298811764448,Calm
5.972419302818135e-07,3.092396760549205e-06,0.1931323748301121,Calm
2.1859869303256856e-06,1.4123296603475796e-06,1.5477880212384028,Calm
1.4279467844411758e-06,8.372905085026639e-07,1.7054376825491422,Calm
3.442137113732707e-06,3.236610283174531e-06,1.063500641898904,Not Calm
2.5338610949784875e-06,2.869341277255464e-06,0.883081115189663,Not Calm
2.883928547904059e-06,3.96596547555873e-06,0.7271693527533211,Calm
2.3181547546331504e-06,3.7570182315953184e-06,0.617019831082589,Not Calm
1.6242562590267742e-06,5.162998242139764e-06,0.3145955475579658,Not Calm
2.245609203383318e-06,5.060932213254319e-06,0.4437145388950644,Not Calm
3.759150947440692e-06,5.032027898317031e-06,0.747044933653477,Not Calm
3.433244638268373e-06,4.2765529165274726e-06,0.8028065372463906,Not Calm
2.269301917854751e-06,3.7142924654859143e-06,0.6109647904524595,Not Calm
1.0658035816114631e-06,3.098202027137872e-06,0.3440071280942436,Not Calm
7.531254997965325e-07,1.4381333924632858e-06,0.5236826456734675,Calm
3.132093022422752e-06,4.476115552352304e-06,0.6997346216356644,Not Calm
1.972833281131225e-06,2.550136793407593e-06,0.7736186098844714,Calm
6.960557790776858e-06,5.305506529653823e-06,1.3119497171236212,Not Calm
2.2220199709391472e-06,1.7523683073607006e-06,1.2680096767361675,Calm
6.647921849810261e-06,7.165870084185475e-06,0.927720119358808,Not Calm
2.047309969612678e-06,1.3559731684554503e-06,1.5098454875362388,Calm
8.148247717378605e-07,3.3387322822471747e-06,0.2440521440040208,Not Calm
6.4371904389581215e-06,7.255486954946302e-06,0.887216871717987,Not Calm
4.11114177917873e-06,3.7008331049854335e-06,1.1108692725539462,Not Calm
1.7817520570295882e-06,2.8852308983530632e-06,0.6175422764419448,Not Calm
7.639480197176349e-07,3.0969065045373944e-06,0.2466810084832544,Not Calm
2.0994333849304485e-06,6.158051494700417e-07,3.4092494788931345,Calm
1.4937901655971078e-06,3.0434138106462907e-06,0.4908271626985522,Not Calm
1.874983485554544e-06,3.385953928805859e-06,0.553753395639321,Not Calm
1.4259988681798055e-06,2.258134823754482e-06,0.6314941221307911,Not Calm
1.070842067221733e-06,1.912215103722963e-06,0.5600008415041123,Not Calm
2.0431096437746683e-06,1.6576298585330123e-06,1.2325487703164335,Calm
2.1483781498672706e-06,2.023694869770738e-06,1.0616116994508455,Calm
1.5339848275550969e-06,2.946292336377569e-06,0.5206492270353297,Not Calm
5.975813493790108e-06,2.163805437536037e-06,2.7617147965922806,Calm
1.036613708746569e-06,2.207376471286443e-06,0.4696134629642211,Calm
2.426173257037077e-06,1.0484548175397748e-06,2.3140465535082884,Calm
6.223909260112196e-06,2.956241083108317e-06,2.1053456349264024,Not Calm
2.0008682353678845e-06,1.9663989858537626e-06,1.0175291229105043,Calm
1.2983859304467935e-06,1.31819862174174e-06,0.9849698740628572,Calm
5.448271787204153e-06,3.621960293928337e-06,1.5042328863564154,Not Calm
7.647733865123422e-07,2.1760682941854665e-06,0.3514473275291241,Not Calm
2.945595113285704e-06,4.364895833263964e-06,0.6748374361738338,Not Calm
1.7160522590713067e-06,2.537934703884474e-06,0.6761609179482739,Not Calm
1.5429738425090093e-06,5.339729709152909e-06,0.2889610385829408,Not Calm
2.11698536082772e-06,2.3387136926876407e-06,0.905192186391524,Not Calm
1.3059510438502077e-06,1.0294357549751113e-06,1.2686085921717198,Calm
6.341862257384103e-07,9.987437042136026e-07,0.634983953403501,Calm
1.178115270098973e-06,2.700212826024223e-06,0.4363045974541283,Not Calm
2.9606252191106947e-06,1.1162217211159282e-06,2.652363023495769,Calm
8.918984174823924e-07,6.538321136611427e-06,0.136410922444325,Not Calm
5.765261260605383e-07,1.7274203914282397e-06,0.3337497513178385,Calm
1.327800046326472e-06,3.209901946953198e-06,0.4136575098771489,Not Calm
2.847300364584935e-06,1.8222387714762972e-06,1.562528692262528,Calm
1.1622171640926689e-06,6.687823255601021e-07,1.7378108237524326,Calm
5.524861064210582e-06,6.171455129849039e-06,0.8952282643179044,Calm
6.928614164617444e-06,3.118707895699677e-06,2.22162972498039,Calm
1.5120108803542795e-06,1.3292504875372232e-06,1.137491311480101,Calm
1.3398722232242058e-06,3.28354119010997e-06,0.4080570779072004,Not Calm
6.68225728412749e-07,1.9118437740839145e-06,0.3495190022693869,Calm
3.461472622977232e-06,5.713263615736014e-06,0.6058660786180625,Not Calm
2.388529270824812e-06,1.760726475291236e-06,1.3565589569667449,Calm
1.778298421476279e-06,2.534501910433633e-06,0.7016362521391931,Not Calm
3.046411331579563e-06,1.929044878312616e-06,1.5792330006569553,Calm
1.340516685179119e-06,2.238479320560944e-06,0.5988514938986333,Not Calm
1.0274138301228665e-06,1.4061284126996697e-06,0.7306685654337236,Calm
4.572696510552037e-06,4.193660576007427e-06,1.0903830740888123,Not Calm
7.276360946077375e-06,1.1075968208708652e-05,0.6569503278599358,Not Calm
9.159194422682584e-07,5.123351447083997e-06,0.1787734946017732,Not Calm
4.073179088002318e-06,1.4358571996017277e-06,2.836757784222637,Calm
1.142844303762443e-06,2.9372317912863846e-06,0.3890889058033533,Not Calm
1.5046148640713652e-06,1.4686349662286229e-06,1.024498870495462,Calm
2.006001485505836e-06,4.421639212702824e-06,0.4536782376415608,Not Calm
1.491367639680485e-06,1.534687295830681e-06,0.9717729753364848,Calm
1.4516818255173712e-06,1.8357677754875604e-06,0.7907763960677542,Calm
1.911362847278267e-06,1.3265873513046997e-06,1.440811903866293,Calm
2.134785789146426e-06,2.2802253679150065e-06,0.9362170157322792,Calm
3.412785552975368e-06,1.1020060776489658e-06,3.0968845110693484,Calm
7.172496935628788e-07,1.094069609768421e-06,0.6555795784462902,Calm
3.6904006142411623e-06,2.3899170189791225e-06,1.5441542885943191,Calm
1.8191553909431136e-06,1.0154982805402325e-06,1.7913918967694813,Calm
2.5680510549130754e-06,1.0298148223868758e-06,2.493701779278064,Calm
3.4847523755324134e-06,3.401432072951258e-06,1.0244956538287897,Not Calm
1.337704932671902e-06,1.6889532163261585e-06,0.7920319637874292,Calm
9.995686410574451e-07,8.347952077267037e-07,1.1973818630073945,Calm
1.6246272816471855e-06,2.487467447149173e-06,0.6531250423032197,Calm
2.2665682712622607e-06,1.5757906660936035e-06,1.4383688900005351,Calm
1.174683876356225e-06,2.443677850026923e-06,0.4807032466833887,Not Calm
1.2910124475714755e-06,3.054695709527397e-06,0.4226320950872101,Not Calm
9.226689757788328e-07,3.290964628937708e-06,0.2803642943062142,Not Calm
1.8481609812412676e-06,1.0958649962434814e-06,1.6864860065579097,Calm
7.302761761057412e-07,1.4793358786053523e-06,0.4936513652289775,Not Calm
2.5343393819881843e-06,3.6386801479840287e-06,0.6964996314370494,Not Calm
1.5561830797250684e-06,3.5611774423374194e-06,0.4369855489996729,Not Calm
1.371614059639122e-06,1.2018509911780369e-06,1.1412513445570205,Calm
1.6605453132882931e-06,2.487872633990808e-06,0.667455918201329,Not Calm
2.6143486457860854e-06,3.832165559633213e-06,0.6822118212544847,Not Calm
3.3555237043638497e-06,1.7259685033886148e-06,1.944139593379549,Calm
1.175232909948001e-06,1.333335207117224e-06,0.8814234437632135,Calm
1.7542159014167644e-06,1.2631150543977404e-06,1.388801356859121,Calm
2.997542959297183e-06,1.9331138163312105e-06,1.5506293183430429,Not Calm
2.982137985276015e-06,1.3842733843092903e-06,2.154298434889008,Calm
2.3927960047333667e-06,1.7379037705044988e-06,1.3768288240946496,Not Calm
3.27907653699978e-06,1.807959737182371e-06,1.8136889166072263,Calm
2.382051569324681e-06,2.761736005534457e-06,0.8625196487104861,Not Calm
1.4687074863490757e-06,2.102872720877847e-06,0.6984290926252359,Not Calm
1.5199662836886817e-06,9.23016890191459e-07,1.6467372372496878,Calm
2.4549815828044912e-06,2.332756891110886e-06,1.0523949547247509,Not Calm
7.947656090811719e-07,3.184742439575485e-06,0.2495541238138904,Not Calm
1.6668528242932435e-06,5.686095580179416e-06,0.2931454107285071,Not Calm
1.2879641895613916e-06,1.8324784696789288e-06,0.7028536546937209,Calm
1.3346261832319175e-06,7.011664755699858e-06,0.1903436957887904,Not Calm
1.997248454399201e-06,2.3993354901823487e-06,0.8324173349544425,Calm
2.9463081464439085e-06,3.0154040534569977e-06,0.9770856887540912,Not Calm
1.5383547581184624e-06,6.946137435039008e-06,0.2214690930758733,Not Calm
7.938831713946109e-07,1.1873470746546389e-06,0.6686193012481427,Calm
1.4132013770309428e-06,2.588951257964368e-06,0.5458586262230793,Not Calm
4.8623216145748e-06,1.2897038302368232e-06,3.7701071366764496,Calm
2.8621422487195765e-06,7.753948352433912e-07,3.691206232784836,Calm
1.3967405633108073e-06,6.926952259444844e-06,0.201638543329985,Not Calm
1.1835991386220206e-06,1.200096502315172e-06,0.9862533024124932,Calm
3.194876033326979e-07,8.072252288017324e-07,0.395784958067966,Calm
5.560973428785609e-06,5.274524118253349e-06,1.0543080862102716,Not Calm
9.388439818067792e-07,1.0879597114378242e-06,0.8629400261210253,Calm
6.199378198840359e-06,2.3677905021255524e-06,2.6182122925466635,Calm
2.3486649228549744e-06,3.2676841492424963e-06,0.7187551842791887,Not Calm
3.722342851630646e-06,1.3812139973042975e-06,2.694979097298108,Calm
2.910377178343945e-06,4.782746228293379e-06,0.6085159110318198,Not Calm
1.4613462403065894e-06,1.2355945851394585e-06,1.1827068990769745,Calm
1.628266957934938e-06,1.7188032914664e-06,0.947325948244944,Calm
1.1479938740910595e-06,1.412622317602378e-06,0.8126686516177458,Calm
1.594476014010916e-06,1.3006682746120446e-06,1.225889833044868,Calm
9.838021563900902e-07,3.899050800276198e-06,0.2523183735693827,Not Calm
2.490343083076548e-06,8.075175406131056e-06,0.3083949212032919,Not Calm
1.3798246981354096e-06,1.32923180211356e-06,1.0380617556256206,Calm
2.6859255448107803e-06,1.678357472322416e-06,1.6003298398011412,Calm
2.7943665632931478e-06,3.5215591214003363e-06,0.7935026694034252,Not Calm
3.5040103230394435e-06,1.6578444032591487e-06,2.113594204709999,Calm
2.8735119443203604e-06,1.540343679559589e-06,1.865500525922856,Calm
2.0018335818945657e-06,4.5929189548733024e-06,0.4358521457842242,Not Calm
1.4815329084248485e-06,1.331972073086884e-06,1.1122852636026763,Calm
6.68062683724847e-06,5.436949093274645e-06,1.2287455193413932,Not Calm
1.6885011555417522e-06,1.2108119581937072e-06,1.394519722171115,Calm
2.724630116596879e-06,7.149316872167458e-07,3.811035607057731,Calm
1.5728050056045436e-06,1.8056627969330829e-06,0.8710402674718402,Calm
1.583971882601672e-06,1.069556867495809e-06,1.4809608827161111,Calm
1.0515980770311038e-06,1.6555129111179377e-06,0.6352098313271256,Not Calm
4.657658241323144e-06,3.4314183583479617e-06,1.357356566561458,Not Calm
9.957589468804285e-07,9.98945570980121e-07,0.9968100122846868,Calm
1.33968763110184e-06,1.7842266424397192e-06,0.7508505922039004,Calm
3.701224539454155e-06,4.272522290811223e-06,0.8662856007595935,Not Calm
9.602682809474187e-07,1.707751399940573e-06,0.562299806037831,Not Calm
4.835319421588492e-06,6.192000003532314e-06,0.7808978389583521,Not Calm
2.314681791958415e-06,1.1226913128836952e-06,2.061725930712892,Calm
1.063418813493103e-06,1.819533779277577e-06,0.5844457660551485,Calm
1.4758444024243091e-06,1.607279437956536e-06,0.9182251496358772,Calm
4.124743411093956e-06,2.9457251940191422e-06,1.4002471851307228,Calm
1.2675348260247614e-06,1.2784450076175709e-06,0.9914660532695568,Calm
2.70754165157964e-06,2.6545902005443936e-06,1.019947128194923,Calm
1.6993831298202731e-06,1.671579778240206e-06,1.0166329791386552,Calm
8.708828694287025e-07,1.056263515724064e-06,0.8244939415821024,Calm
1.5174996206215866e-06,1.414361602765246e-06,1.0729219583271303,Calm
1.2628733011297274e-06,3.300358472276176e-06,0.382647312932269,Not Calm
3.0333122912447697e-06,1.4587296910824003e-06,2.079420409269934,Calm
3.2358833253651006e-06,2.338207790869081e-06,1.3839160651168496,Calm
1.3534472350347971e-06,3.264506601295915e-06,0.414594730639392,Not Calm
1.4664214995064666e-06,4.380499408397979e-06,0.33476125957126,Not Calm
5.677954571746482e-06,3.7979370557222806e-06,1.4950101827495046,Not Calm
2.692182155112029e-06,2.433842470797997e-06,1.1061447843949117,Not Calm
2.233707108475616e-06,4.788321211651417e-06,0.4664906571097066,Not Calm
3.156186862429501e-06,4.1050991895455386e-06,0.7688454570031746,Not Calm
2.021518162906564e-06,3.850880957904954e-06,0.524949533627328,Not Calm
2.862912735427477e-06,4.233472815206046e-06,0.6762563173062769,Not Calm
1.2604212741001709e-06,8.472720248419394e-07,1.4876229087527175,Calm
2.030436086580171e-06,2.785133497566373e-06,0.7290264859312308,Not Calm
3.493844633297327e-06,5.419585818440898e-06,0.6446700449707858,Not Calm
1.4366130566439018e-06,9.435121480816836e-07,1.5226227447784046,Calm
2.244797608372765e-06,4.440507147285562e-06,0.5055273044082337,Not Calm
2.3527959023950887e-06,4.552244740220067e-06,0.5168430162832915,Not Calm
3.352980844421549e-06,1.715821127805091e-06,1.9541552380292355,Calm
2.385321250428974e-06,1.4734584087762069e-06,1.61885889430033,Calm
8.929723058339489e-07,2.2701816242771536e-06,0.3933483983327895,Not Calm
2.907244914903466e-06,4.384682033676105e-06,0.6630457790495791,Not Calm
2.869790889936629e-06,1.2765171846644769e-06,2.248141211425158,Calm
8.939544467836089e-07,9.016295380777654e-07,0.9914875334380464,Calm
1.0122533688357952e-06,1.5859238477173818e-06,0.6382736285179962,Calm
3.0154993895212505e-06,2.1103717594352944e-06,1.4288948741088894,Calm
8.355505961323082e-07,9.761972515445782e-07,0.8559239383334328,Calm
2.196193625693003e-06,4.495954698088714e-06,0.4884821518834769,Not Calm
1.4350293684717896e-06,1.0900964017645274e-06,1.3164242778426962,Calm
1.579975521807956e-06,3.192112408987374e-06,0.494962369545491,Not Calm
6.287034181199506e-07,1.078942296579051e-06,0.582703468121835,Calm
3.249262137360996e-06,4.255844101699451e-06,0.7634824161118813,Not Calm
7.151492514216328e-07,2.7775411601287324e-06,0.2574756628947623,Not Calm
5.278861284958837e-06,6.237694803789223e-06,0.8462839960929281,Not Calm
1.6162453597156636e-06,1.6295942019919409e-06,0.9918084868859006,Not Calm
2.612019537114213e-06,5.7077413639857725e-06,0.4576275220869877,Not Calm
3.319283312051514e-06,2.436538291220042e-06,1.3622947457925878,Calm
5.557649212429568e-06,4.096773277244402e-06,1.3565918434636417,Not Calm
1.583524924757297e-06,1.0266985165510362e-06,1.5423465596081647,Calm
1.749974781368029e-06,7.647984053941548e-07,2.2881517129551843,Calm
1.1112777728803248e-06,1.2233454787313835e-06,0.9083924305934628,Calm
3.4922991901959096e-06,8.331820232590772e-07,4.191520091294604,Calm
4.209323377573492e-06,1.6282880787537584e-06,2.5851220263156254,Calm
2.463559339284967e-06,2.411439912779217e-06,1.0216134046009389,Not Calm
1.8809893196002048e-06,1.3683447856075645e-06,1.374645732117157,Calm
3.129874450699558e-06,2.3702312790519103e-06,1.3204932693114673,Calm
6.628273758093038e-07,8.693462936996651e-07,0.7624434366522901,Calm
6.445907538885529e-06,1.7647187046885585e-06,3.6526543985507978,Calm
2.8293355990615588e-06,1.2053212411027946e-06,2.347370561953169,Calm
2.5630495892567654e-06,1.045035619602729e-06,2.452595434240902,Calm
4.496926253935144e-06,3.111846402225273e-06,1.4450990417519978,Not Calm
6.925895381658768e-07,1.186024574832269e-06,0.5839588427278793,Calm
1.3983052431641663e-06,1.1661707576830004e-06,1.1990570282712123,Calm
1.4809436020937554e-06,4.092496579441145e-06,0.3618680121892703,Not Calm
1.077703087481825e-06,1.3137973440742635e-06,0.8202962902480235,Calm
5.914967225027204e-07,1.1467357696868366e-06,0.5158090801198719,Calm
1.395688780090115e-06,1.0990248075919222e-06,1.2699338271974174,Calm
7.004612114124897e-07,1.062400850195084e-06,0.6593191367306108,Calm
2.051978224152393e-06,1.169840374687529e-06,1.7540668526682437,Calm
1.7047180758626008e-06,3.309490298455077e-06,0.5150998861239722,Not Calm
3.995589367113492e-06,6.02739360069194e-06,0.6629050020318569,Not Calm
3.0124405984266613e-06,2.308430773565227e-06,1.3049733320675392,Not Calm
7.425213142143217e-07,1.999424197067109e-06,0.3713675743764141,Not Calm
2.119189158201965e-06,4.106249309531318e-06,0.516088770665473,Not Calm
2.349297765740555e-06,2.0308065635854483e-06,1.156829905844307,Calm
1.047908778273798e-06,1.4081186238182665e-06,0.7441906956903102,Calm
2.749236233275254e-06,3.420637372059997e-06,0.8037204574010698,Not Calm
4.2555267029548135e-06,3.2113717077104297e-06,1.3251429888160848,Not Calm
5.172500526685425e-07,1.1491806427716722e-06,0.4501033461728032,Calm
1.6075445135970332e-06,1.6923541291941571e-06,0.9498866022577036,Calm
3.23956815753821e-06,1.80794766638666e-06,1.791848413407213,Calm
1.2490774771760253e-06,1.1765800477894737e-06,1.061617082086984,Calm
5.765770378165837e-06,2.781513342225694e-06,2.072889707425318,Calm
1.3821906760622363e-06,1.35313854167064e-06,1.0214701846831793,Calm
1.683819317990812e-06,3.203748202937876e-06,0.5255779204017125,Not Calm
5.552960195963195e-07,8.245179546532487e-07,0.6734795967297638,Calm
2.623408506765868e-06,2.7217800431945457e-06,0.9638576465153224,Not Calm
3.5979341136306083e-06,4.6226106623524245e-06,0.7783337980273763,Not Calm
2.9542084490886645e-06,3.8037100905803184e-06,0.7766649872724531,Not Calm
1.3905752719844416e-06,1.5786138283196878e-06,0.8808837519588951,Calm
1.0617274913737745e-06,1.0740109342698023e-06,0.9885630187700286,Calm
4.014830283871267e-06,7.4697557294065265e-06,0.5374781223522347,Not Calm
1.6957507343080086e-06,1.6609513754848969e-06,1.020951461515815,Calm
4.230365662653368e-06,1.7523194057523447e-06,2.4141521510098745,Calm
2.134291845220686e-06,3.207595225339408e-06,0.6653869005540898,Not Calm
1.5085565608435131e-06,1.0668323596386307e-06,1.4140521209485135,Calm
4.965279676191798e-06,2.0283793059034078e-06,2.4479049168667903,Calm
3.818216213742375e-06,2.2110967458479438e-06,1.7268426724937855,Calm
6.860662104184431e-07,3.2922913027136043e-06,0.2083856339968966,Not Calm
1.758016873564801e-06,9.167926115706052e-07,1.917573125456422,Calm
2.623638619460625e-06,1.959683194275709e-06,1.3388075313011556,Calm
2.5524262871024707e-06,4.112231527323772e-06,0.6206912889371242,Not Calm
2.397310273406819e-06,1.3164974677355687e-06,1.8209759852636056,Calm
1.417396079050883e-06,2.058459798249888e-06,0.6885711735813155,Not Calm
7.090980289030271e-07,1.1968081601359592e-06,0.5924909710027984,Calm
2.8365705147740717e-06,1.4432167542795698e-06,1.9654501005221776,Calm
2.298973121553822e-06,2.888641452954562e-06,0.7958665549171515,Not Calm
2.2573196293132e-06,1.3793544729864405e-06,1.636504374706436,Calm
8.741465257631565e-07,1.4620339231598771e-06,0.5978975671603252,Not Calm
4.495164425089012e-06,2.335434223538465e-06,1.924766015579876,Calm
1.0559990991333155e-06,2.429832068739647e-06,0.4345975644650464,Not Calm
4.520114426026835e-06,2.297483406372922e-06,1.967419835759693,Calm
1.397193013724375e-06,1.7077839314753613e-06,0.8181321934077074,Calm
2.450448847445657e-06,2.7300810202059024e-06,0.8975736724695609,Not Calm
1.6879886243816377e-06,8.826627144940438e-07,1.9123823819262824,Calm
2.777570264453806e-07,1.065598454211224e-06,0.2606582482807574,Calm
3.722051851186816e-06,3.068079495860564e-06,1.2131536540068757,Not Calm
2.4088823395113592e-06,3.744562226154928e-06,0.6433014579610551,Not Calm
6.949903295834023e-07,1.051428203811325e-06,0.6609964684836587,Calm
1.2545849387967762e-06,3.250359622693476e-06,0.3859834247378261,Not Calm
3.211637262471578e-06,2.9760752141698448e-06,1.079151913627775,Calm
1.843585707814996e-06,1.0692013352742567e-06,1.724264314860872,Calm
2.9926943791665968e-06,4.71625547775341e-06,0.6345488265602117,Not Calm
6.238596846180908e-07,9.905229150012876e-07,0.6298286240225748,Calm
1.5941502306728165e-06,1.4806685647968009e-06,1.0766421794681575,Calm
3.253460965839661e-06,3.3882289913581914e-06,0.9602246407010088,Not Calm
1.951739090224674e-06,4.64553807862498e-06,0.4201319754981674,Not Calm
3.986513068247891e-06,1.3199747483545042e-06,3.0201434332115253,Calm
2.613550870536696e-06,2.3575837360242984e-06,1.108571810452021,Not Calm
8.487735972044159e-07,3.308208367059876e-06,0.2565659423559077,Not Calm
2.2018402842459625e-06,2.9217669246815604e-06,0.7535988807477989,Not Calm
2.08646755149642e-06,1.6375154434043585e-06,1.2741666406264238,Not Calm
8.478774715780612e-07,1.5522368312214811e-06,0.5462294506379237,Calm
2.2339833602719877e-06,6.733415418311519e-06,0.3317756623476209,Not Calm
3.016759595889188e-06,7.807312364382253e-06,0.3864018057804309,Not Calm
2.555294374681961e-06,6.56665794103115e-06,0.3891316401171809,Not Calm
5.208557581116751e-06,4.447505483690354e-06,1.171118866568526,Not Calm
8.144913852336245e-07,1.1512019513451978e-06,0.7075139025623423,Calm
8.325082114618483e-07,1.5765908869216826e-06,0.5280432725875596,Calm
7.550252429433179e-07,2.7930512396407773e-06,0.2703227324395323,Not Calm
1.5785033657236453e-06,9.203161755943756e-07,1.7151750752443171,Calm
8.066011675512189e-07,5.28580775513761e-06,0.1525975224443666,Not Calm
6.804136815732711e-06,3.2022657211632083e-06,2.1247883243309174,Calm
2.838851816768423e-06,1.4123182036659327e-06,2.010065302139177,Calm
4.412614852578045e-06,1.925880505232116e-06,2.29121943993416,Calm
1.88775101773729e-06,1.925375367508462e-06,0.9804586937144314,Calm
2.408771037036621e-06,3.1210542049716526e-06,0.7717812248180737,Not Calm
2.8665141465039777e-06,1.2613698653976705e-06,2.2725405332243733,Calm
6.707661241402135e-07,8.973265839926455e-07,0.7475161620150007,Calm
7.271990314396517e-06,1.3337906391079192e-05,0.5452122770377403,Not Calm
4.149279970216197e-07,1.2042345631053215e-06,0.3445574556103571,Calm
7.36129362313718e-06,4.251845749336122e-06,1.7313171871972457,Not Calm
1.152365049722268e-06,1.2107083367443396e-06,0.951810617593532,Calm
1.8614657332175847e-06,2.613340009037805e-06,0.7122937416409703,Not Calm
2.308376162091948e-06,8.745977572855522e-07,2.639357513625859,Calm
1.6906063750424708e-06,3.3985633327949048e-06,0.4974473651053466,Not Calm
1.5011755456010726e-06,1.3801772860669365e-06,1.0876686355844492,Calm
3.0956360098790903e-06,1.58796492538131e-06,1.949436011085541,Calm
3.932280691598694e-06,7.179839357807375e-06,0.5476836591507751,Calm
1.1911182515971237e-06,1.6382303101904332e-06,0.7270761895857392,Calm
3.0355649265393485e-06,6.696272125130678e-06,0.4533216198229264,Not Calm
1.7445769460777265e-06,1.0142505700617976e-06,1.7200650387324214,Calm
5.711746487624901e-06,7.40670245004382e-06,0.7711591664643026,Not Calm
2.9790255369727247e-05,4.910681882571815e-06,6.066419304303527,Not Calm
2.571021506379865e-06,1.54240255738648e-06,1.6668939597301538,Calm
1.242338902654657e-06,1.4945809255731542e-06,0.8312289293925216,Calm
2.264565185729587e-06,1.9062058199809797e-06,1.1879961555002403,Calm
1.8407683317637817e-06,2.293663246647712e-06,0.8025451576006828,Not Calm
3.376752764542914e-07,9.517377190872224e-07,0.3547986695096456,Calm
2.0508446106372806e-06,1.3729420821493745e-06,1.4937590138009562,Calm
1.3730568883367773e-06,1.4824849380679596e-06,0.9261860630612586,Not Calm
5.651722619251311e-06,2.109380294028601e-06,2.6793284431691387,Calm
8.794371823587698e-07,2.9015943449553203e-06,0.3030875711099139,Not Calm
1.2977816135419393e-06,2.307082744009077e-06,0.5625206191290525,Not Calm
2.890287650477792e-06,1.5121693158865145e-06,1.9113518705300216,Calm
9.665935349193823e-07,1.5271566915634816e-06,0.632936711903346,Calm
1.7510346890707406e-06,8.515309556821931e-07,2.05633709190046,Calm
3.196237366666751e-06,1.521439338244187e-06,2.100798425756074,Calm
3.5162717165483225e-06,5.740776132117188e-06,0.6125080713174453,Not Calm
4.295821236025706e-06,1.9580606039847286e-06,2.193916381997342,Calm
3.764367900758736e-06,3.724977719353627e-06,1.0105746085944225,Not Calm
1.0236131803844488e-06,1.1705729968651543e-06,0.8744548038659097,Calm
3.186801447032316e-06,4.58246123387953e-06,0.6954344585550061,Not Calm
1.0898361264835212e-06,2.4049132739644383e-06,0.4531706562070549,Not Calm
1.0806769585613562e-06,1.089994231447308e-06,0.9914519979857322,Calm
3.004531815064148e-06,1.1783866346429302e-06,2.5496995016194903,Calm
1.530206744718783e-06,3.8735309144844685e-06,0.3950418309550111,Not Calm
5.658728050799834e-07,1.2547405466298011e-06,0.4509879007256936,Calm
4.537908583112236e-06,1.1527602725207028e-06,3.936558789616632,Calm
2.2188991751193475e-06,1.0673024854651883e-06,2.0789787387707905,Calm
5.025651605432456e-06,1.503916603838127e-06,3.341708970169325,Calm
1.3728667945029591e-06,2.3706267123072927e-06,0.5791155509113327,Not Calm
8.563205387061345e-07,2.265362406089908e-06,0.3780059810316058,Calm
1.756872893407864e-06,2.893538150086963e-06,0.6071711525058214,Not Calm
5.798376727316049e-06,2.06725267443793e-06,2.8048708312313986,Calm
1.676270831750132e-06,1.3430448326307436e-06,1.2481123422117402,Calm
1.180754613782884e-05,4.097412627210568e-06,2.881707851295213,Not Calm
2.196255920224122e-06,2.750147782241487e-06,0.7985956007186207,Not Calm
9.596173375820366e-07,1.3434818810007004e-06,0.7142763524784271,Calm
1.1076450627457411e-06,1.2406090987127484e-06,0.8928235847174021,Calm
9.94491144489809e-07,3.3756234063023555e-06,0.2946096245905495,Not Calm
5.527547231740005e-07,8.106870072204621e-07,0.6818349353706635,Calm
1.0768315732793592e-06,1.0796314562479316e-06,0.9974066307976028,Calm
1.240133265684675e-06,2.3120148985181712e-06,0.5363863643264184,Calm
7.7137228693778e-07,1.7513460242625808e-06,0.4404453924304153,Not Calm
1.5213209016886165e-06,8.38260319387079e-07,1.814854963910232,Calm
2.1332810787854983e-06,2.3071159609902893e-06,0.9246527330467708,Not Calm
2.9519157168379167e-06,4.776197815344889e-06,0.6180472063686413,Not Calm
9.798814062819928e-07,2.21559756528682e-06,0.4422650672822626,Not Calm
8.151602369669467e-07,1.2074794869939906e-06,0.6750924100551644,Calm
1.9337161067541863e-06,1.5324426017236954e-06,1.2618522250550444,Calm
6.373814024154014e-06,1.678376344556741e-06,3.797607160530696,Calm
1.8294052004979885e-06,3.587970831241965e-06,0.5098718151687831,Not Calm
1.2515704327759312e-06,7.614290941003891e-07,1.6437123856616391,Calm
2.6435983801448986e-06,5.557603013835503e-06,0.4756724029340943,Not Calm
1.2003428064295768e-06,1.599325033917585e-06,0.7505308683184357,Not Calm
6.719876052467942e-06,2.3225810756445024e-06,2.893279430774324,Not Calm
2.790112602900631e-06,1.0566092276077998e-06,2.640628654377308,Calm
1.3806181087651829e-06,1.136130499849384e-06,1.215193244920553,Calm
3.2025861245489863e-06,2.38700046125307e-06,1.341678050144896,Calm
2.613343287634201e-06,3.211206525881471e-06,0.8138197486120401,Not Calm
2.892743121747381e-06,8.704514629142596e-06,0.3323267574348737,Not Calm
2.3748956807611084e-05,5.537900415463203e-06,4.288440568793555,Not Calm
9.107039676271934e-07,1.489757478682785e-06,0.6113102170377559,Not Calm
1.2788309156575036e-06,1.1699099807198662e-06,1.093101979410943,Calm
4.013617191736445e-06,3.801195868629748e-06,1.05588276175394,Not Calm
2.00185369588221e-06,3.107446825342095e-06,0.6442117302077497,Not Calm
2.138168668268384e-06,1.4887357420995415e-06,1.4362311643387808,Calm
5.225417343948679e-06,1.5868897532786442e-06,3.29286727899814,Calm
2.834547763414293e-06,1.182463732948612e-06,2.397154081289255,Calm
1.116739033329519e-05,6.59183656035265e-06,1.694124274934656,Not Calm
1.0090885796089908e-06,1.9004682622654916e-06,0.5309683932348791,Not Calm
6.94287224689085e-07,9.207937440293024e-07,0.7540094936472447,Calm
2.734514744331389e-06,1.0710001552677082e-06,2.553234685244156,Calm
9.966097830476608e-07,1.9535367095766025e-06,0.5101566702903985,Not Calm
4.725200933829827e-07,1.9318798685502283e-06,0.2445908263113604,Calm
1.020349144094417e-06,1.2071954578936155e-06,0.8452228157607395,Calm
9.582819393680113e-07,2.428540587289105e-06,0.394591691974853,Not Calm
2.684755644263619e-06,3.269710156201062e-06,0.8210989708589103,Not Calm
8.802558804884706e-07,8.953273061637379e-07,0.983166574311416,Calm
1.323443651645348e-06,1.7110579913196111e-06,0.7734651065944731,Calm
1.0939260872761045e-06,1.6621365202763986e-06,0.6581445470521242,Calm
3.868599808194711e-06,3.302900891062555e-06,1.171273355087009,Not Calm
1.770768939153541e-06,1.4526917810516017e-06,1.218957085219883,Calm
8.2567179936755e-07,3.526255929514306e-06,0.2341497088900394,Not Calm
2.0869795387803738e-06,9.867873765717944e-07,2.114923222904173,Calm
2.04518812191988e-06,7.588235815436066e-06,0.2695208967754451,Not Calm
3.0900664764413548e-06,2.017617684940895e-06,1.53154212490553,Not Calm
2.66693736824041e-06,2.261819489629941e-06,1.1791114987150235,Not Calm
3.073990712183638e-06,4.333871075866896e-06,0.7092944525510033,Not Calm
1.6656155057177177e-06,3.171005079487223e-06,0.5252642187463985,Not Calm
1.3358995785810686e-06,9.854490726848078e-07,1.355625182072043,Calm
1.2747288282750646e-06,4.203403902600062e-06,0.3032610850188741,Not Calm
1.5582819164217631e-06,3.665219756667021e-06,0.4251537478993597,Not Calm
1.8936653572968069e-06,1.607458684699148e-06,1.1780491625209175,Calm
2.4164953979906857e-06,2.6385728692011023e-06,0.9158342474439009,Calm
8.898669164978089e-07,3.6754640945139167e-06,0.2421100828670983,Not Calm
1.5149392063528015e-06,2.2648888730703053e-06,0.6688801487638267,Not Calm
1.1241581835543657e-06,1.973601854600239e-06,0.5695972472533314,Not Calm
2.0651043992954755e-06,1.3266595836722477e-06,1.5566196669526802,Calm
1.7149321949006148e-06,1.5468653675493674e-06,1.108649938693442,Calm
1.7010286676778477e-06,9.414389951326e-07,1.806838973605784,Calm
3.0006033788823545e-06,3.05142052285228e-06,0.983346397656648,Not Calm
1.2631051664035336e-06,1.976246518450069e-06,0.6391435251681868,Not Calm
1.76661214340139e-06,1.6171680286487612e-06,1.0924110000353506,Calm
6.142807028260588e-07,2.522889883348691e-06,0.2434829624869356,Not Calm
5.62755063998085e-06,5.5158181027968365e-06,1.0202567479749485,Not Calm
3.562206203839214e-06,1.459190216067386e-06,2.4412212778122893,Calm
2.063414226020125e-06,9.649603765610824e-07,2.1383408854296206,Calm
2.53440660400167e-06,4.886821116292861e-06,0.5186207032526431,Not Calm
6.524439142313624e-06,4.875559369798082e-06,1.3381929430968715,Not Calm
3.551771691556716e-06,1.7000505047837732e-06,2.089215397755763,Calm
2.58730674450102e-06,2.441643467474197e-06,1.0596578816552225,Not Calm
1.2957513668618951e-06,1.2776398554661768e-06,1.0141757564295064,Calm
1.9261356116334466e-06,2.8812982547322685e-06,0.6684957409285711,Not Calm
1.820197145397676e-06,4.096907892886358e-06,0.4442855912280001,Not Calm
1.7160995057247995e-06,2.306554022469052e-06,0.7440101072888812,Not Calm
1.999473560082365e-06,2.6879052631804e-06,0.7438779883620361,Calm
2.6175438819133105e-06,1.1835102168582337e-06,2.211678314752438,Calm
1.007264229679895e-05,6.7643039495464985e-06,1.48908777191691,Not Calm
1.878334259056112e-06,1.6651544044341357e-06,1.1280240763585043,Calm
7.310275422670792e-07,2.1771722217518786e-06,0.3357692767542533,Calm
2.245956430234453e-06,1.5857330779053083e-06,1.416352134875861,Calm
4.017160260387213e-06,1.0925272709365816e-06,3.676942779600784,Calm
3.62367209915254e-06,1.127159109942311e-06,3.214871855436632,Calm
2.0394101496880544e-06,2.89061546608417e-06,0.7055280003918273,Calm
7.427688138835817e-06,7.0939590902389385e-06,1.0470441180096568,Not Calm
1.5889039373656865e-06,1.780517074668653e-06,0.8923834317406785,Calm
1.80572659233501e-06,5.131413242722311e-06,0.3518965452443347,Not Calm
1.9886875604326296e-06,9.261981770513292e-07,2.14715123577966,Calm
2.300568631954498e-06,2.7815496441108085e-06,0.8270816366068965,Not Calm
2.600847768498955e-06,3.953197880153473e-06,0.6579098358714044,Not Calm
1.9355880012802008e-06,3.883732523992874e-06,0.4983834466772748,Not Calm
3.1218405215799307e-06,3.1180465484088183e-06,1.0012167788749171,Not Calm
2.6550810402241283e-06,2.5658321825349146e-06,1.0347835911860146,Not Calm
2.235901013430197e-06,7.764168419086053e-06,0.2879768821003232,Not Calm
2.4245827918805644e-06,4.657348659747067e-06,0.5205929315183029,Not Calm
1.281603036638614e-06,1.332021473891513e-06,0.9621489305982426,Calm
1.2526010234176e-06,1.0672488387651948e-06,1.1736728848230535,Calm
7.527125339096411e-06,1.3425366469629092e-06,5.606644225410382,Calm
1.3267610617935926e-06,2.3965416357630147e-06,0.5536148598441422,Not Calm
2.0733756113485376e-06,1.1525742090716087e-06,1.79890856053306,Calm
2.044604907504945e-06,5.244160860202581e-06,0.3898821874479957,Not Calm
3.3432090458280574e-06,2.705718354754556e-06,1.2356086656075225,Not Calm
4.298935888322397e-06,5.294293291864942e-06,0.8119942835294027,Not Calm
3.2392146801158234e-06,2.1968869547449557e-06,1.4744566956982434,Calm
2.1178127063356296e-06,2.6037001194775566e-06,0.8133858006507207,Calm
2.094522638276012e-06,1.747013976118958e-06,1.198915788257776,Calm
1.361272392776434e-06,8.274566069920284e-07,1.6451284348612958,Calm
2.528344447193651e-06,1.9979025634088027e-06,1.2654993759454485,Calm
1.355859545453112e-06,7.880506040770857e-07,1.720523451715398,Calm
1.6320136498618472e-06,4.506387295601082e-06,0.3621556565843642,Not Calm
3.6023500196605824e-06,2.890599580326352e-06,1.246229344312668,Not Calm
4.782620740357722e-06,3.4747882963022117e-06,1.3763775898080686,Not Calm
5.397321059026965e-06,5.240428139193072e-06,1.029938950724368,Not Calm
1.5461129950813e-06,3.8604293329009335e-06,0.400502861664733,Not Calm
7.636598555811353e-07,1.444036579584783e-06,0.5288369189378274,Calm
1.8372700689452996e-06,9.760095073724803e-07,1.882430504075132,Calm
1.0815068459133786e-06,1.3565298998337942e-06,0.7972598658134169,Not Calm
1.1399274147883795e-06,1.023344128489894e-06,1.113923833686839,Calm
5.57738094746004e-06,1.7605989942932285e-06,3.167888295709844,Calm
1.7177208281025558e-06,2.0394081870479222e-06,0.8422643583622098,Not Calm
1.2784724125050954e-05,3.0158785588072e-06,4.239137576583123,Not Calm
1.4018854369653903e-06,1.3484130328077623e-06,1.039655804902956,Calm
1.6614930694114169e-06,1.7185835377391428e-06,0.966780510185248,Not Calm
1.8868557989245429e-06,2.145951684815196e-06,0.8792629453290949,Calm
4.36451283011037e-07,1.801745099332318e-06,0.2422380852723145,Not Calm
2.860251854166092e-06,1.1999977363569753e-06,2.38354770805603,Calm
2.548428672467829e-06,3.489846381215037e-06,0.7302409315737729,Not Calm
1.3504355842480967e-06,1.754273135066456e-06,0.76979779103608,Calm
6.617548799332854e-07,1.5789226839383986e-06,0.4191179762410099,Calm
4.940621464848652e-06,3.656539928207813e-06,1.3511739408983314,Not Calm
3.133548254124003e-06,1.446383004437338e-06,2.1664719818406564,Calm
3.019065422074654e-06,1.5265486933537155e-06,1.9777065973847117,Calm
2.586285238969113e-06,3.786883427590145e-06,0.6829587676573778,Not Calm
1.1914724623992604e-06,1.2858860310397285e-06,0.9265770322085792,Calm
1.3193281465339823e-06,2.112511054066434e-06,0.6245307658837427,Calm
1.809168369059374e-06,2.7635592396535204e-06,0.654651560603491,Not Calm
6.336219673413082e-07,1.259089602357947e-06,0.5032381858723154,Calm
1.0209663966618266e-06,2.753808840338844e-06,0.3707470110874512,Calm
2.2147395094425144e-06,1.995223292051398e-06,1.1100208774955809,Calm
6.504377167478175e-06,1.972071107848116e-06,3.298246772945028,Calm
2.610719098837032e-06,3.648028433306189e-06,0.7156520697594867,Not Calm
2.638301622909973e-06,1.7146118568362785e-06,1.538716539484361,Calm
3.576004037185559e-06,1.3292318323802318e-06,2.690278663265288,Calm
3.5306990449623364e-06,4.60728788962026e-06,0.7663291570983949,Not Calm
1.5668165596931876e-06,3.1943599578574927e-06,0.4904946782340948,Not Calm
1.88742346914062e-06,4.046461990138893e-06,0.4664379583300707,Not Calm
1.7885096408982477e-06,1.6453895824004715e-06,1.0869824751710029,Calm
1.966607241274609e-05,7.209793057700713e-06,2.727688888620866,Not Calm
7.297419883021525e-06,5.47670027459753e-06,1.3324482840277023,Not Calm
4.17443280382985e-07,2.4852183664761416e-06,0.1679704632856424,Not Calm
1.6831528504152872e-06,5.181398816027919e-06,0.3248452609377787,Not Calm
2.317862434775676e-06,1.1432911732247428e-06,2.0273596867173937,Calm
4.320429232595581e-06,1.8506646897888524e-06,2.3345283759039632,Calm
4.478669533483544e-07,1.4197503307087169e-06,0.3154547272581273,Calm
2.406052996899147e-06,3.749195129423859e-06,0.6417518730930621,Not Calm
1.0734603464165491e-06,1.9299022781243283e-06,0.5562252340879379,Not Calm
1.6370723902755572e-06,2.4556622258832044e-06,0.666652104275769,Calm
2.8866331789429386e-06,4.044430534839561e-06,0.7137304384577466,Not Calm
3.62249969677318e-06,4.377289949081817e-06,0.8275667682313432,Not Calm
2.852348644536144e-06,4.122221349306995e-06,0.6919445616416656,Not Calm
1.839202048753492e-06,2.479140706817876e-06,0.7418707795388574,Not Calm
8.947201154864886e-07,1.1161849407224086e-06,0.8015876964864037,Not Calm
6.71323950048853e-06,2.554390731356189e-06,2.6281177026211275,Not Calm
1.3462262119406617e-06,1.639273548618661e-06,0.8212334134684619,Calm
3.7524223052686286e-06,4.858708263858477e-06,0.7723086263855434,Not Calm
3.3323789639780487e-06,8.796752002945568e-07,3.788192463379905,Calm
4.274152560371041e-06,3.345066322267349e-06,1.277748226371171,Calm
1.3104608363414506e-06,3.991717549245807e-06,0.3282949808382731,Not Calm
2.284099296491291e-06,1.3970039051656646e-06,1.6349985050474354,Calm
1.6494919583728748e-06,1.07668882148824e-06,1.5320043502382468,Calm
3.4852231797349874e-06,6.802467368252538e-06,0.5123469163557773,Not Calm
1.2587259288700017e-06,1.7091254648320643e-06,0.7364736847997767,Calm
1.834799564192113e-06,1.7452118099579805e-06,1.0513334563306038,Calm
3.0975830432624127e-06,3.0340668090747643e-06,1.0209343558281825,Calm
1.1511762635543897e-06,7.118431587991945e-06,0.1617176830773093,Not Calm
1.0076113859152231e-06,2.598195323999248e-06,0.3878120234487479,Not Calm
1.0650459985889566e-06,8.537178915948474e-07,1.247538571083854,Calm
1.7759033898652437e-06,6.817162247797781e-07,2.6050478561500165,Calm
4.138361832570007e-06,3.91692630667747e-06,1.0565329823834164,Not Calm
9.755600200304725e-07,1.7453690204059404e-06,0.5589419822540309,Calm
1.6400919430663814e-06,3.290619598307991e-06,0.498414324132058,Not Calm
4.852252262431134e-06,1.0507338896375284e-05,0.4617964938872406,Not Calm
3.829322531371453e-06,2.3574881390557222e-06,1.6243231378060148,Not Calm
1.6327648963848973e-06,5.301132092374738e-06,0.3080030582021341,Not Calm
1.2516461436486826e-06,8.760802696116133e-07,1.4286888850990405,Calm
6.033171018792354e-07,1.2889905178040254e-06,0.4680539488429054,Calm
8.173013305035065e-07,3.2938208983062764e-06,0.2481316852788726,Not Calm
1.873459479447247e-06,1.597397568612665e-06,1.1728197890487218,Calm
2.03393111098714e-06,1.396593247859266e-06,1.456351814749786,Calm
2.005638375588078e-06,2.050083001021958e-06,0.9783205726735332,Calm
1.9931174838898738e-06,2.911719238300254e-06,0.684515683268067,Not Calm
5.204678641789496e-07,8.69544431555422e-07,0.5985523514283775,Calm
2.612958710891731e-06,3.276058021198937e-06,0.7975923179576252,Not Calm
2.7229761230169884e-06,6.593254625986957e-06,0.4129942308438271,Not Calm
2.0581095229638065e-06,1.2970345361106343e-06,1.5867808186013128,Calm
2.4129429871483383e-06,3.1374831700008345e-06,0.7690696193113592,Not Calm
5.971019645216552e-06,4.22413976103381e-06,1.4135468954642765,Not Calm
4.843410803254803e-07,1.3490524781482237e-06,0.3590231574907381,Calm
1.817743220169404e-06,2.3556873247121903e-06,0.7716402771711179,Not Calm
1.8106204441787493e-06,2.3682697095817308e-06,0.7645330415084058,Calm
7.509347709419551e-07,1.4475994894417222e-06,0.5187448437354443,Calm
3.089485010518384e-06,3.6477840299121935e-06,0.8469484446404442,Not Calm
2.1717082269325755e-06,1.814418913273118e-06,1.1969166607809032,Calm
8.526349892621017e-07,2.709077528165284e-06,0.3147325908533694,Not Calm
6.568753094144881e-07,2.176175326964904e-06,0.3018485235427364,Not Calm
8.3954452395797e-07,9.484353106788788e-07,0.8851890208063152,Calm
1.869829560742808e-06,8.520496536078562e-07,2.194507741215949,Calm
4.103153062498547e-06,4.473772300152225e-06,0.9171573310422912,Not Calm
1.311316507817066e-06,1.8344865811105404e-06,0.7148139001503278,Calm
1.931219196665052e-06,2.4377386399407805e-06,0.792217494124787,Not Calm
2.808968758678983e-06,9.398866211140904e-07,2.98862511240918,Calm
2.171472650137701e-06,3.1293424153157435e-06,0.6939070136620393,Not Calm
5.7504426976591325e-06,2.831160373278915e-06,2.031125736264542,Not Calm
1.4870709325055003e-06,9.096415846159852e-07,1.634787764384456,Calm
1.4842743929312748e-06,4.6085432488351925e-06,0.3220701885148684,Not Calm
3.940991249072096e-07,1.49308922742394e-06,0.2639488100702177,Calm
1.4919901934114674e-06,4.102690661096336e-06,0.363661391183895,Not Calm
1.8725443697395305e-06,3.1679859640623763e-06,0.5910835436083582,Not Calm
1.042983443793903e-06,2.880921722000656e-06,0.3620311637865687,Not Calm
2.1277650665912395e-06,1.3991108222690348e-06,1.5207980902760052,Calm
1.5684187818474198e-06,2.517932285584993e-06,0.6228995079917441,Calm
1.6289898858345011e-06,1.1515179363535346e-06,1.414645690186084,Calm
1.4763040724647355e-06,4.563009093397104e-06,0.3235373943481769,Not Calm
3.652513980903981e-06,2.925660906585948e-06,1.2484406421406582,Not Calm
5.912786561200612e-06,3.298879511456212e-06,1.792362085570853,Not Calm
4.311531400504792e-06,4.327071217183722e-06,0.9964086986557518,Not Calm
4.3324409850191295e-06,3.029937202343036e-06,1.4298781445598523,Not Calm
2.717351307691366e-06,2.4186481703936823e-06,1.1235000364890046,Calm
1.6051301766139336e-06,1.3473190138271093e-06,1.1913512391207943,Calm
2.244173420218575e-06,3.589896768200526e-06,0.6251359203689556,Not Calm
8.045054275613709e-07,5.249080576542771e-06,0.1532659702646908,Not Calm
2.531129599214664e-06,5.718753435988275e-06,0.4426016312027364,Not Calm
8.414856820343554e-07,1.2843248993420875e-06,0.6551968917408808,Calm
9.636542567092665e-07,2.6184246097407947e-06,0.3680282613921282,Not Calm
1.3183013863643454e-06,3.701416481641389e-06,0.3561613217272286,Not Calm
2.1349047783505965e-06,4.517447944596582e-06,0.4725908974566498,Not Calm
2.780435525598865e-06,4.487651711133879e-06,0.6195747140315269,Not Calm
1.0355435085902445e-06,6.466458246483073e-07,1.6014075543647834,Calm
4.928432390447886e-06,2.579435866033038e-06,1.9106628915831168,Not Calm
1.0967166414292697e-06,4.744385031380832e-06,0.2311609690561044,Not Calm
6.41498579057027e-06,5.251135993857584e-06,1.2216377176432067,Not Calm
7.719585281015577e-07,2.017081445859265e-06,0.3827106385249149,Calm
2.322837533007586e-06,8.248792816531694e-07,2.81597269403143,Calm
1.722942889837429e-06,1.0839523841031832e-06,1.5895005307478702,Calm
3.118513251518604e-06,1.960572461458493e-06,1.59061361557568,Calm
1.77462508525079e-06,3.0056719995929057e-06,0.5904253975454238,Not Calm
1.4509881099338694e-06,2.3742614135963887e-06,0.6111324143266936,Not Calm
3.0838022012454344e-06,1.3783181639637085e-06,2.237366002909784,Calm
4.469276961137811e-06,2.39110202753709e-06,1.86912850629854,Calm
7.876909394992745e-06,4.824216933770241e-06,1.632785072299133,Not Calm
7.423794053026699e-07,2.959482779530844e-06,0.2508476854257475,Not Calm
1.6123531815289567e-06,5.728649237356695e-06,0.2814543384878153,Not Calm
2.8401212628406954e-06,3.279177413203295e-06,0.8661078389370511,Calm
3.473465917416365e-06,1.1625976744147515e-06,2.987676643310764,Calm
2.848244085983705e-06,9.602073735138071e-07,2.966280164628156,Calm
1.5673486361582777e-06,1.1762138501753245e-06,1.3325371367839711,Calm
1.9465281093651857e-06,2.9301830740976825e-06,0.664302557260726,Not Calm
2.27970996611149e-06,2.1241041765490807e-06,1.0732571364815138,Not Calm
4.810158181992338e-06,4.713557017784452e-06,1.020494323892425,Not Calm
2.1261471038605094e-06,1.9490832516848427e-06,1.0908446840444643,Not Calm
1.511187599586696e-06,9.193923844041152e-07,1.6436807887702272,Calm
1.348876714519654e-06,1.1960959837261774e-06,1.1277328348829676,Calm
2.4056572780143643e-06,7.046535250929706e-07,3.4139576293143024,Calm
3.284154925283902e-06,1.7780316890014673e-06,1.847073337105856,Calm
4.271572398596182e-06,1.573437054416663e-06,2.7148034848968443,Calm
1.9231562574447487e-06,3.3550285390489635e-06,0.5732160650978838,Not Calm
4.089562726705995e-06,1.3112098593011324e-06,3.1189231057839275,Calm
3.465792209471284e-06,2.086236278719707e-06,1.6612654303941978,Calm
7.510151785300291e-07,1.6368253935804728e-06,0.4588242469083531,Calm
3.912122870809056e-06,2.220582368969071e-06,1.761755350973673,Calm
6.904003428562606e-06,1.0272853079345808e-06,6.720628996868963,Calm
1.5520295334980838e-06,8.155311447538005e-07,1.903090450293745,Calm
3.6299828147341625e-06,1.4925362523928269e-06,2.432090214837055,Calm
7.568296538032625e-07,2.1257601739877394e-06,0.3560277697664815,Not Calm
1.545747332160022e-07,2.2921503685750085e-06,0.0674365588467473,Not Calm
2.012736043606604e-06,3.93487300236063e-06,0.5115123264204747,Not Calm
8.998200350488198e-07,1.2823597705677062e-06,0.7016907857694769,Not Calm
1.9967453837229103e-06,2.024040403633152e-06,0.9865145874256032,Calm
2.244258739740976e-06,2.236250103111875e-06,1.0035812794901413,Not Calm
4.101417569592408e-06,9.9372038133164e-07,4.12733566367662,Calm
1.2332738283006034e-06,4.262652346462201e-06,0.2893207627697253,Not Calm
4.871982896106027e-06,3.329447001648317e-06,1.4633009306632734,Not Calm
5.217672652828876e-07,1.8730783117991492e-06,0.2785613724723095,Not Calm
2.293363597988698e-06,1.395149787610664e-06,1.6438117386064448,Calm
1.2771926892556854e-06,1.81661112329019e-06,0.7030633429913572,Calm
2.490866705820753e-06,1.161528715054106e-06,2.1444727741446528,Calm
1.9854298341113426e-06,1.7653688162112778e-06,1.1246544154848876,Not Calm
9.951842667318868e-07,1.951883240889907e-06,0.5098585027443343,Calm
2.2915266032960784e-05,1.119412735090326e-05,2.0470792688553554,Not Calm
3.180976826734325e-06,1.2881848740951963e-06,2.469348065407615,Calm
1.3446658024646747e-06,1.187767780853715e-06,1.132094862430254,Calm
4.588334069913527e-06,1.4344588019823788e-06,3.1986516891057364,Calm
4.054728421810893e-06,6.56038147585834e-06,0.6180629033131622,Not Calm
2.697254193640345e-06,3.6691298392527e-06,0.735120944695078,Not Calm
1.6398455702678152e-06,1.891519832600768e-06,0.8669460092380261,Not Calm
2.5826602569636746e-06,1.0596776066692692e-06,2.43721320589323,Calm
4.4210987701232635e-07,1.1624815674535665e-06,0.3803156018901655,Calm
1.922617266940194e-05,6.579235379546289e-06,2.9222503163776152,Not Calm
1.758174953035113e-06,4.469067680242698e-06,0.3934097845078133,Not Calm
1.7814508404002982e-06,4.582628028604664e-06,0.3887400044866222,Not Calm
6.004560171700565e-06,2.0026724222191075e-06,2.998273759143831,Calm
1.1855484908550197e-06,3.2203376554051505e-06,0.3681441568293762,Not Calm
3.988746782220404e-06,4.208074266139534e-06,0.9478793695054388,Not Calm
3.50616362925823e-06,1.5575139248351597e-06,2.251128271376005,Calm
2.923534217629319e-06,3.1341039916337496e-06,0.9328134055007332,Not Calm
1.290754576948289e-06,5.338359310189936e-06,0.2417886286680775,Not Calm
3.1031737920114968e-06,2.933935814667602e-06,1.057682917430513,Not Calm
1.1772110480127406e-06,8.003893166904655e-07,1.47079805222838,Calm
8.326268187011782e-07,2.9533373976609743e-06,0.2819274287321908,Not Calm
7.48325844612713e-07,2.9685443564167872e-06,0.2520851147112343,Not Calm
2.946706255843236e-06,4.934791549665862e-06,0.5971288201712915,Not Calm
9.953537352175958e-07,3.7175153153104894e-06,0.2677470436014768,Not Calm
6.1673455271029805e-06,4.492790892713825e-06,1.372720358987742,Not Calm
9.56169234300654e-07,1.1822820564792616e-06,0.8087488337157438,Calm
9.81730157761334e-07,1.2138408499299223e-06,0.808779963055298,Calm
2.8828207792348194e-06,6.749179311177556e-06,0.4271364926488881,Not Calm
1.8301370448044236e-06,2.911274914014818e-06,0.6286376583654746,Not Calm
1.542581717916129e-06,8.938920632312451e-07,1.7256912566602254,Calm
4.736921931386636e-06,4.39353235674825e-06,1.0781579710255136,Not Calm
3.9219969636059885e-06,3.849822418621049e-06,1.018747499790079,Not Calm
1.321249588765182e-06,3.708985262936773e-06,0.3562293983662305,Not Calm
1.130757448395823e-06,3.474108098187751e-06,0.325481365702373,Not Calm
4.941070200674027e-07,2.2015361513525757e-06,0.2244373864875369,Not Calm
8.452703750305783e-07,4.066905799447578e-06,0.2078411491963729,Not Calm
1.1345423736402527e-06,4.175975711999218e-06,0.2716831830176279,Not Calm
3.352077832444088e-06,7.965297432674433e-07,4.208352369484077,Calm
1.3192578290503365e-06,1.942223320658408e-06,0.6792513584911091,Not Calm
9.76235337142398e-07,1.435590873043147e-06,0.6800233656215625,Not Calm
1.7368854178639884e-06,6.461012887042928e-07,2.688255615999746,Calm
1.819367951564879e-06,1.7414415960479834e-06,1.0447481877622202,Calm
2.617946924710868e-06,1.149801088737364e-06,2.276869408417177,Calm
5.983894457151561e-07,3.6812463712670815e-06,0.1625507736688622,Not Calm
1.2183515242474685e-06,4.049059424855348e-06,0.3008974175011012,Not Calm
1.6515492551129286e-06,1.1067416884521722e-06,1.492262623108283,Calm
1.4472770434747545e-06,7.016651783127688e-07,2.0626319905954165,Calm
5.128601913956379e-06,1.5009061255641722e-06,3.4170037863151506,Calm
1.9002995938022016e-06,3.488837930197337e-06,0.5446798136864776,Not Calm
4.5254236473421494e-07,8.412429009131807e-07,0.5379449434199968,Calm
3.969852354095985e-06,4.301311217623955e-06,0.922940041592464,Not Calm
5.467768591297459e-07,1.5990853364267314e-06,0.3419310068539289,Not Calm
1.2508877520366208e-06,3.3243693093406142e-06,0.3762782156970199,Not Calm
1.7343305298414304e-06,2.004471351943559e-06,0.8652308890121093,Calm
1.3238928162183737e-06,1.7290527749981202e-06,0.765675192430036,Calm
1.4726310749701532e-06,1.2843320728107609e-06,1.1466123957702778,Calm
8.292353646049292e-07,8.644587229827371e-07,0.9592538574239,Calm
2.9411552317380992e-06,2.2167894913662784e-06,1.3267634311661098,Not Calm
1.4330355262861373e-06,1.5590383548264846e-06,0.919179134913348,Calm
3.473474771390704e-06,4.330074428716412e-06,0.8021743802728041,Not Calm
2.393181430882936e-06,6.548969012574276e-06,0.3654287302761602,Not Calm
4.186203288844081e-06,4.237433216537023e-06,0.9879101510100474,Not Calm
4.113044449920033e-06,9.57557055918146e-07,4.295351827339701,Calm
8.909189496165392e-07,1.935834661210399e-06,0.4602247120936886,Calm
1.3298972666427883e-06,1.491302373786275e-06,0.8917690268716637,Calm
2.433931469401563e-06,1.816885747745659e-06,1.339617239235608,Calm
1.7214597749017662e-06,1.6583193427563002e-06,1.038074953669973,Calm
3.069486271311496e-06,7.897925815329549e-06,0.3886446065818635,Not Calm
2.395949275979433e-06,1.8956949032506709e-06,1.2638897070783617,Calm
2.7823573805857222e-06,1.5380258099544457e-06,1.809044661394943,Calm
1.482238192188313e-06,2.7529067539678565e-06,0.5384265885693054,Not Calm
1.2578609428408806e-06,3.6411739384151593e-06,0.3454547802757183,Not Calm
1.3858905179558472e-06,3.723699888595512e-06,0.372181045577916,Not Calm
1.0968732465325226e-06,1.4086738967219022e-06,0.7786566139154244,Calm
3.274458779087792e-06,3.937168101208782e-06,0.8316786824729362,Not Calm
4.589696686685827e-06,2.02344886274398e-06,2.268254350871898,Not Calm
2.1039295376632884e-06,3.954379145679917e-06,0.5320505343959723,Not Calm
2.054184616429239e-06,2.0411815148963875e-06,1.0063703798206851,Not Calm
2.740455152478841e-06,1.185984911814235e-06,2.310699845486811,Calm
7.769499465516124e-06,5.219381287130511e-06,1.488586297512594,Not Calm
3.755676422907879e-06,9.567963677167266e-07,3.925261998924938,Calm
3.4117316015703573e-07,3.249944661907751e-06,0.104978144445316,Not Calm
2.2768086002829517e-07,1.3156940522319909e-06,0.1730500032602938,Calm
8.72120904833462e-07,1.2296565622351944e-06,0.7092394182390033,Calm
1.768403428253307e-06,2.4183551429784502e-06,0.7312422385056887,Not Calm
3.7528578303879837e-07,1.43127599103438e-06,0.2622036458304453,Calm
8.260666043488715e-07,2.3230683239624893e-06,0.3555929009181436,Not Calm
3.046186618871572e-07,2.4382701966144723e-06,0.1249322828577894,Not Calm
7.222637410478898e-06,1.3445751264327868e-05,0.53716875081877,Not Calm
3.0874240255328816e-06,4.289457698405486e-06,0.7197702466399343,Not Calm
2.557880286976177e-06,2.617813136191046e-06,0.9771057573261046,Not Calm
3.945503782268544e-06,3.1496204039139645e-06,1.2526918410121906,Not Calm
1.1746349391347902e-06,5.484306694542632e-07,2.1418111797132995,Calm
1.7993536935914949e-06,3.7486052347484833e-06,0.4800061838766077,Not Calm
1.522915853803948e-06,2.43304205227504e-06,0.6259307570865578,Not Calm
2.335200052547013e-06,2.833479716346253e-06,0.8241456746894356,Not Calm
5.747702078736132e-06,1.7313808516340115e-06,3.319721408095549,Calm
4.2055901908917286e-06,3.7485428615829744e-06,1.12192666488966,Not Calm
2.45623984258127e-06,3.078357326564171e-06,0.7979060200014985,Not Calm
1.1847038242797603e-06,3.6976752606649546e-06,0.3203915273151149,Not Calm
6.2919740871556285e-06,1.4582173958412566e-06,4.314839546627231,Calm
5.934039415921074e-06,1.486258951674564e-06,3.992601295511261,Calm
6.659174573643494e-06,4.659710319909967e-06,1.4290962563037952,Not Calm
7.636589708366499e-07,2.679178003703216e-06,0.2850348016373322,Not Calm
7.476303286559463e-07,1.3197613700859776e-06,0.566489022638419,Calm
1.1705552427685464e-06,8.602394264190552e-07,1.360731915812383,Calm
1.995980276167992e-06,3.757559670861231e-06,0.5311905734049233,Not Calm
1.6220854676050583e-06,3.5935494647592853e-06,0.4513881006821522,Not Calm
2.5844521555286622e-06,3.3777020897972165e-06,0.7651510070516083,Not Calm
3.332164481882609e-06,6.5157621635455735e-06,0.511400569610325,Not Calm
1.6358295176286904e-06,1.8067686748861268e-06,0.9053895722050804,Calm
6.380709237245195e-07,1.4350762584186315e-06,0.4446250991760087,Calm
2.138257540458871e-06,4.796593305858949e-06,0.4457867082137294,Not Calm
2.980112747730331e-06,2.302528057708648e-06,1.2942785812112878,Calm
7.344253635462349e-06,6.049062013406772e-06,1.2141144559577988,Not Calm
1.7808420012812608e-06,3.668925542870656e-06,0.4853851571727146,Not Calm
2.407552501067589e-06,1.843003882960738e-06,1.3063198202273554,Calm
6.0823675387722605e-06,6.0964216429597e-06,0.99769469616596,Not Calm
9.521662105030512e-07,1.3052397510950266e-06,0.7294952591692326,Calm
1.594272334821662e-06,1.6795256849338667e-06,0.9492396270703288,Calm
6.457444386137626e-07,2.353580174166037e-06,0.2743668754953607,Not Calm
1.4671364206136348e-06,1.0407233990821322e-06,1.4097275240544973,Calm
1.7359384989420204e-06,1.4007932683699187e-06,1.2392538843094991,Calm
4.980750146906751e-06,1.5363917865033992e-06,3.241848980618545,Calm
1.9636122712906647e-06,2.685797700253822e-06,0.7311095214301109,Not Calm
1.5271790975436186e-06,1.5827886209851933e-06,0.964866108648822,Calm
3.8689426773853145e-06,3.792796262459315e-06,1.0200765898447244,Not Calm
7.643113615694206e-07,9.66445733327381e-07,0.7908476753660747,Calm
1.7006052392323197e-06,4.475348942144773e-06,0.3799938867822268,Not Calm
1.0900626733849305e-06,1.5262316195969976e-06,0.7142183790378829,Calm
3.774197053950555e-06,3.9622081335603645e-06,0.9525489138197124,Not Calm
6.1214538410489165e-06,9.582494644383674e-06,0.6388163070497218,Calm
1.0352559760470665e-06,1.1831147470926948e-06,0.8750258405543787,Calm
2.0942499175065133e-06,4.634198515770311e-06,0.451911999535566,Not Calm
2.0052791995818936e-06,2.3123607114917437e-06,0.867199995924621,Not Calm
1.2325680118593212e-05,4.020300167309142e-06,3.065860658569434,Not Calm
1.120433174302247e-06,1.2600715418336568e-06,0.8891821909348036,Calm
2.1550150757277646e-06,7.045460761182407e-06,0.3058728376717406,Not Calm
5.276225912099924e-06,3.74921465976983e-06,1.4072882965905824,Not Calm
3.435247597251873e-06,1.3167923123869802e-06,2.608799857757917,Calm
1.294694428404181e-06,3.7007238195139534e-06,0.3498489732136304,Not Calm
3.038995115853872e-06,3.5807681119769205e-06,0.8486992234121692,Not Calm
2.58097094744564e-06,3.647334049761647e-06,0.7076321807195879,Not Calm
2.1357980136266365e-06,5.238205561585182e-06,0.4077346695383032,Not Calm
1.5565225150527367e-05,6.418418967753637e-06,2.425087117049792,Not Calm
1.619780834373985e-06,3.158815369389944e-06,0.5127811046097355,Not Calm
4.562347294083616e-06,4.325909569626292e-06,1.054656187479608,Not Calm
2.9522083755249223e-06,3.605471345765793e-06,0.8188134344742327,Not Calm
1.5140459107840869e-06,1.6052875293775754e-06,0.943161821839564,Not Calm
7.954195020905794e-07,1.817185363330888e-06,0.4377206190086085,Not Calm
1.6009196317813468e-06,1.863563051258185e-06,0.8590638404750971,Calm
2.8322797330832346e-06,5.0596224550041975e-06,0.5597808449683791,Not Calm
3.6912537957046687e-06,1.2745751778295814e-06,2.8960659676350704,Calm
4.780211606152087e-07,1.6454246798776788e-06,0.290515370567278,Calm
2.416964040219585e-06,3.77192205895443e-06,0.6407778322146888,Not Calm
1.4696243316339198e-06,1.4787029874071794e-06,0.9938603926207124,Calm
2.2434942945390857e-06,3.7275110649175753e-06,0.6018746169942476,Not Calm
9.491035524913238e-07,5.132911728350508e-06,0.1849054888766466,Not Calm
2.094174564124563e-06,1.139903248994817e-06,1.8371511494253885,Calm
1.6313066353688077e-06,2.217630855737023e-06,0.7356078362404674,Calm
3.833702698191904e-06,3.2193022253568005e-06,1.190848957266511,Not Calm
1.2959773319024306e-06,7.774923660858635e-07,1.6668682400404526,Calm
8.005078970439705e-07,3.2983191207427684e-06,0.2427017725512561,Not Calm
1.2904694708983991e-06,2.226932725214367e-06,0.5794829166984276,Not Calm
2.0859072876355505e-06,2.555489171565384e-06,0.8162457938954256,Not Calm
3.881815526577069e-06,1.8783018440160735e-06,2.066662256092557,Not Calm
2.101508485193267e-06,1.21212619716705e-06,1.7337373700072305,Calm
2.3319902299171727e-06,1.7554938720190544e-06,1.3283955399030074,Calm
1.1090489510999578e-06,3.262084434157319e-06,0.339981681493923,Not Calm
1.69995319795091e-06,2.3859970868507407e-06,0.7124707768166914,Not Calm
1.7326298495267735e-06,1.20426831892045e-06,1.4387407044635754,Calm
2.500529338478338e-06,2.7743205673807693e-06,0.9013123313428352,Not Calm
3.6943377438944623e-06,3.160336568774562e-06,1.1689697168320785,Not Calm
1.964438924786791e-06,4.173112109362059e-06,0.4707371557020292,Not Calm
2.4171633145726227e-06,4.284109434086196e-06,0.5642160527788211,Not Calm
2.4528637961374936e-06,5.67587818563653e-06,0.4321558208110862,Not Calm
1.1058031785395909e-06,2.8426292377776505e-06,0.3890071782291597,Not Calm
4.852191288004643e-06,5.155832902700423e-06,0.9411071653356444,Not Calm
4.105140461062444e-06,5.2074265313949775e-06,0.7883242204787764,Not Calm
4.172946036639496e-06,1.6953181718633195e-06,2.461453021560562,Calm
7.093418226283601e-06,5.293024740754565e-06,1.3401445437552166,Not Calm
2.011582735659537e-06,9.387907987205364e-07,2.1427380183115257,Calm
1.5607449624149718e-06,1.3522912147745583e-06,1.1541485630927246,Calm
3.659328824089561e-06,3.0603062127148457e-06,1.1957394357747335,Not Calm
1.936117507052372e-06,3.715850367786848e-06,0.5210429149238104,Not Calm
1.7639426409634757e-06,1.9150664582093965e-06,0.9210869071419991,Not Calm
9.951602875997136e-06,1.441791429335564e-05,0.6902248600952802,Not Calm
1.43133611968607e-06,9.86705519475908e-07,1.45062137733488,Calm
5.569244262922437e-07,1.0923935614938358e-06,0.5098203119493453,Calm
1.5797104261532547e-06,3.2238050257124698e-06,0.4900142575477667,Not Calm
4.799623860192377e-06,1.149117968867172e-06,4.1767894944014845,Calm
2.332612018681227e-06,4.651128162785466e-06,0.501515317798569,Not Calm
9.882840373352554e-07,6.897718566100004e-07,1.4327694408878076,Calm
1.3657462221337038e-06,1.3465803452099849e-06,1.014232999161094,Calm
8.556659345378202e-07,1.71779222921718e-06,0.498119574640152,Calm
4.011010202145878e-06,1.099729033610545e-06,3.6472713546329145,Calm
2.544246701146092e-06,9.44192111858065e-07,2.6946282109255257,Calm
6.173265646096468e-07,1.6993465607285666e-06,0.3632729067018432,Calm
6.898135772960508e-07,4.329715847816527e-06,0.1593207502621502,Not Calm
3.311678122209989e-06,2.651107610250449e-06,1.2491677476257312,Not Calm
1.66433365275647e-06,1.0273026148960023e-06,1.6201006681219794,Calm
4.483125859680104e-07,8.135289459174428e-07,0.5510714624449335,Calm
2.668362957406962e-06,1.1428816632960846e-06,2.334767494397776,Calm
3.248917505402329e-06,3.971353228725552e-06,0.818088273262195,Not Calm
1.1546832493354903e-06,1.200262253222591e-06,0.9620257958086031,Calm
9.99984692275002e-07,9.192080283295848e-07,1.0878763690654525,Calm
5.463595586694492e-07,1.573222043412622e-06,0.3472869967447761,Calm
1.0360071426918265e-05,6.98200482051031e-06,1.4838247313271051,Not Calm
1.3592716678226395e-06,9.591058517672829e-07,1.4172279997228634,Calm
7.299977982282549e-06,5.91480268708937e-06,1.234187912678253,Not Calm
1.1607216770460086e-06,2.599919409528226e-06,0.4464452524152008,Not Calm
8.289393967987107e-07,4.487397356335153e-06,0.1847260964372684,Not Calm
5.07718002779326e-06,1.017407768332e-06,4.99030986967703,Calm
7.911230413381544e-07,3.947413304528802e-06,0.2004155583177753,Not Calm
2.866642914552268e-06,1.6893614724967275e-06,1.6968795377555417,Calm
3.060453115330999e-06,3.8290071052389776e-06,0.7992811272519142,Not Calm
3.4451322766505256e-06,1.5075112461727787e-06,2.285311161291113,Calm
2.234795266591972e-06,3.272467936212532e-06,0.6829082240538208,Not Calm
3.488572632170613e-06,1.648235579765385e-06,2.116549766913288,Calm
7.977303467252484e-07,2.692289240576624e-06,0.2963018737743028,Not Calm
2.868951259076216e-06,1.039618149076476e-06,2.759620214041849,Calm
1.101969415457161e-06,8.829142081746216e-07,1.2481047481786758,Calm
1.1113645801143375e-06,3.8178925438798445e-06,0.2910937296797093,Not Calm
1.0102948741773635e-06,8.228117958492213e-07,1.2278565757976787,Calm
1.1210310275568546e-06,2.181328093605818e-06,0.5139213265729998,Not Calm
2.3028063940298e-06,2.9753439386406475e-06,0.7739630918373384,Not Calm
3.3741156457052035e-06,1.1521159317081028e-06,2.9286251086753143,Calm
4.814765399172315e-06,3.933806552579691e-06,1.223945645221144,Not Calm
9.196310234782144e-07,3.727908022036463e-06,0.2466882278323602,Not Calm
1.4498010113551728e-06,2.543636860989391e-06,0.5699716943051564,Not Calm
3.3881399742263142e-06,9.307801250575e-07,3.640107779500564,Calm
3.1818265919565244e-06,1.5087328534753218e-06,2.108939687120407,Calm
6.391470515523434e-06,8.067114322452476e-06,0.7922870880526172,Not Calm
1.39655546649221e-06,9.79847595942348e-07,1.4252782496742282,Calm
2.678290362375941e-06,3.422403717827843e-06,0.7825758102190873,Not Calm
9.111339675709008e-07,2.5994327828420585e-06,0.3505126093603864,Calm
1.8458776781846508e-06,2.5441977528287955e-06,0.7255244511289621,Not Calm
1.752195394664894e-06,1.1312215441543208e-06,1.5489409689194005,Calm
9.13485316692794e-06,8.752285439624245e-06,1.0437106090680834,Not Calm
1.2809874450348744e-06,1.8261935225612207e-06,0.7014521896005306,Calm
4.475668123145035e-07,1.8937578852407568e-06,0.2363379267237234,Calm
3.3482910369539165e-06,1.3993847665958852e-06,2.392687927494667,Calm
3.903173435931732e-06,3.5166643794089558e-06,1.1099078600693015,Not Calm
3.494227150110691e-06,2.227999557624524e-06,1.5683248850534826,Calm
1.884383908053004e-06,2.1890963949113306e-06,0.8608044453562451,Calm
7.543599856069583e-07,3.3607061238813324e-06,0.2244647278875238,Not Calm
1.3906640818670466e-06,1.608138362056063e-06,0.8647664371920288,Calm
2.7499694111137595e-06,2.091363434062446e-06,1.3149170375289485,Not Calm
7.332082743001465e-07,3.170558586827909e-06,0.2312552360162217,Not Calm
2.9152796469711444e-06,4.5880106891382486e-06,0.6354125664686958,Not Calm
1.3575740434933307e-06,8.018629956356205e-07,1.6930249317930046,Calm
1.1604503916615809e-06,3.168914456183385e-06,0.3661980806699395,Not Calm
2.492106818281356e-06,4.179937751038257e-06,0.5962066821838053,Not Calm
1.2300515273627168e-06,1.7425886609126443e-06,0.7058760078919044,Not Calm
9.688240801925376e-07,1.7913107909779602e-06,0.5408464489088526,Calm
8.110827942649462e-07,1.940067349929081e-06,0.4180694006806492,Not Calm
1.259190654889777e-06,3.509013847197957e-06,0.3588445955821105,Not Calm
1.1930409585768228e-06,8.41107129857199e-07,1.418417364717113,Calm
2.174255743822948e-06,3.493289246184797e-06,0.6224093084182953,Not Calm
9.081296135144002e-07,1.3614800544010435e-06,0.6670164653377268,Calm
2.8759358785637023e-06,4.225723005532259e-06,0.6805784181307118,Not Calm
2.0961086638503524e-06,3.584592764398797e-06,0.5847550340078613,Not Calm
3.3309880875959284e-06,1.90131380451118e-06,1.751940200345998,Calm
1.8569108790764576e-06,2.1568430342990567e-06,0.8609392753886365,Calm
4.116640307195709e-06,1.3031323989417705e-06,3.159034577406481,Calm
1.4894042834496469e-06,7.214641510530347e-07,2.0644189753236417,Calm
1.2006718769550477e-06,3.3307292626735976e-06,0.3604831801883713,Not Calm
1.8064017324560308e-06,1.3613810900474834e-06,1.3268891022961289,Calm
1.0379984882541224e-05,7.192776484878056e-06,1.4431123926016454,Not Calm
1.029091634910319e-06,1.1822042927613365e-06,0.8704854492674999,Calm
1.7564837342974135e-06,3.448147721874472e-06,0.5093992125553598,Not Calm
1.3525395776944131e-06,1.0380179135092486e-06,1.3030021544829171,Calm
3.3137050717667745e-06,4.522573355106763e-06,0.7327034437208257,Not Calm
2.6793242853401373e-06,3.299384270208581e-06,0.812067969630817,Not Calm
3.0329774765829933e-06,2.599471760882956e-06,1.1667668494128167,Calm
2.478422708321381e-06,1.4696662245923631e-06,1.6863847497133666,Calm
2.9776425273120976e-06,2.122519651906281e-06,1.4028810167377304,Calm
2.30891002921438e-06,1.7369670175546303e-06,1.3292768405383732,Calm
3.50764826615764e-06,4.558375486454593e-06,0.7694952459666314,Not Calm
2.2792737176665656e-06,3.784203686700651e-06,0.6023126412769301,Not Calm
2.757116883171178e-06,4.100963729037951e-06,0.6723095021905918,Not Calm
3.2374151219475277e-06,3.618269999705726e-06,0.8947411669695259,Not Calm
2.1647738933321077e-06,3.476248655078361e-06,0.6227327524944586,Not Calm
